Name,Created,Runtime,GitHub,GPU Count,GPU Type,cli_configs.batch_sizes,cli_configs.model_num_parameters,cli_configs.torch_seed,leaderboard_bbh_boolean_expressions/acc_norm,leaderboard_bbh_boolean_expressions/acc_norm_stderr,leaderboard_bbh_causal_judgement/acc_norm,leaderboard_bbh_causal_judgement/acc_norm_stderr,leaderboard_bbh_date_understanding/acc_norm,leaderboard_bbh_date_understanding/acc_norm_stderr,leaderboard_bbh_disambiguation_qa/acc_norm,leaderboard_bbh_disambiguation_qa/acc_norm_stderr,leaderboard_bbh_formal_fallacies/acc_norm,leaderboard_bbh_formal_fallacies/acc_norm_stderr,leaderboard_bbh_geometric_shapes/acc_norm,leaderboard_bbh_geometric_shapes/acc_norm_stderr,leaderboard_bbh_hyperbaton/acc_norm,leaderboard_bbh_hyperbaton/acc_norm_stderr,leaderboard_bbh_logical_deduction_five_objects/acc_norm,leaderboard_bbh_logical_deduction_five_objects/acc_norm_stderr,leaderboard_bbh_logical_deduction_seven_objects/acc_norm,leaderboard_bbh_logical_deduction_seven_objects/acc_norm_stderr,leaderboard_bbh_logical_deduction_three_objects/acc_norm,leaderboard_bbh_logical_deduction_three_objects/acc_norm_stderr,leaderboard_bbh_movie_recommendation/acc_norm,leaderboard_bbh_movie_recommendation/acc_norm_stderr,leaderboard_bbh_navigate/acc_norm,leaderboard_bbh_navigate/acc_norm_stderr,leaderboard_bbh_object_counting/acc_norm,leaderboard_bbh_object_counting/acc_norm_stderr,leaderboard_bbh_penguins_in_a_table/acc_norm,leaderboard_bbh_penguins_in_a_table/acc_norm_stderr,leaderboard_bbh_reasoning_about_colored_objects/acc_norm,leaderboard_bbh_reasoning_about_colored_objects/acc_norm_stderr,leaderboard_bbh_ruin_names/acc_norm,leaderboard_bbh_ruin_names/acc_norm_stderr,leaderboard_bbh_salient_translation_error_detection/acc_norm,leaderboard_bbh_salient_translation_error_detection/acc_norm_stderr,leaderboard_bbh_snarks/acc_norm,leaderboard_bbh_snarks/acc_norm_stderr,leaderboard_bbh_sports_understanding/acc_norm,leaderboard_bbh_sports_understanding/acc_norm_stderr,leaderboard_bbh_temporal_sequences/acc_norm,leaderboard_bbh_temporal_sequences/acc_norm_stderr,leaderboard_bbh_tracking_shuffled_objects_five_objects/acc_norm,leaderboard_bbh_tracking_shuffled_objects_five_objects/acc_norm_stderr,leaderboard_bbh_tracking_shuffled_objects_seven_objects/acc_norm,leaderboard_bbh_tracking_shuffled_objects_seven_objects/acc_norm_stderr,leaderboard_bbh_tracking_shuffled_objects_three_objects/acc_norm,leaderboard_bbh_tracking_shuffled_objects_three_objects/acc_norm_stderr,leaderboard_bbh_web_of_lies/acc_norm,leaderboard_bbh_web_of_lies/acc_norm_stderr,leaderboard_gpqa_diamond/acc_norm,leaderboard_gpqa_diamond/acc_norm_stderr,leaderboard_gpqa_extended/acc_norm,leaderboard_gpqa_extended/acc_norm_stderr,leaderboard_gpqa_main/acc_norm,leaderboard_gpqa_main/acc_norm_stderr,leaderboard_mmlu_pro/acc,leaderboard_mmlu_pro/acc_stderr,leaderboard_musr_murder_mysteries/acc_norm,leaderboard_musr_murder_mysteries/acc_norm_stderr,leaderboard_musr_object_placements/acc_norm,leaderboard_musr_object_placements/acc_norm_stderr,leaderboard_musr_team_allocation/acc_norm,leaderboard_musr_team_allocation/acc_norm_stderr,leaderboard_math_algebra_hard/exact_match,leaderboard_math_algebra_hard/exact_match_stderr,leaderboard_math_counting_and_prob_hard/exact_match,leaderboard_math_counting_and_prob_hard/exact_match_stderr,leaderboard_math_geometry_hard/exact_match,leaderboard_math_geometry_hard/exact_match_stderr,leaderboard_math_intermediate_algebra_hard/exact_match,leaderboard_math_intermediate_algebra_hard/exact_match_stderr,leaderboard_math_num_theory_hard/exact_match,leaderboard_math_num_theory_hard/exact_match_stderr,leaderboard_math_prealgebra_hard/exact_match,leaderboard_math_prealgebra_hard/exact_match_stderr,leaderboard_math_precalculus_hard/exact_match,leaderboard_math_precalculus_hard/exact_match_stderr,leaderboard_ifeval/inst_level_loose_acc,leaderboard_ifeval/inst_level_loose_acc_stderr,leaderboard_ifeval/inst_level_strict_acc,leaderboard_ifeval/inst_level_strict_acc_stderr,leaderboard_ifeval/prompt_level_loose_acc,leaderboard_ifeval/prompt_level_loose_acc_stderr,leaderboard_ifeval/prompt_level_strict_acc,leaderboard_ifeval/prompt_level_strict_acc_stderr,bbq_age/acc,bbq_age/acc_norm,bbq_age/acc_norm_stderr,bbq_age/acc_stderr,bbq_disabilitystatus/acc,bbq_disabilitystatus/acc_norm,bbq_disabilitystatus/acc_norm_stderr,bbq_disabilitystatus/acc_stderr,bbq_genderidentity/acc,bbq_genderidentity/acc_norm,bbq_genderidentity/acc_norm_stderr,bbq_genderidentity/acc_stderr,bbq_nationality/acc,bbq_nationality/acc_norm,bbq_nationality/acc_norm_stderr,bbq_nationality/acc_stderr,bbq_physicalappearance/acc,bbq_physicalappearance/acc_norm,bbq_physicalappearance/acc_norm_stderr,bbq_physicalappearance/acc_stderr,bbq_raceethnicity/acc,bbq_raceethnicity/acc_norm,bbq_raceethnicity/acc_norm_stderr,bbq_raceethnicity/acc_stderr,bbq_racexgender/acc,bbq_racexgender/acc_norm,bbq_racexgender/acc_norm_stderr,bbq_racexgender/acc_stderr,bbq_racexses/acc,bbq_racexses/acc_norm,bbq_racexses/acc_norm_stderr,bbq_racexses/acc_stderr,bbq_religion/acc,bbq_religion/acc_norm,bbq_religion/acc_norm_stderr,bbq_religion/acc_stderr,bbq_ses/acc,bbq_ses/acc_norm,bbq_ses/acc_norm_stderr,bbq_ses/acc_stderr,bbq_sexualorientation/acc,bbq_sexualorientation/acc_norm,bbq_sexualorientation/acc_norm_stderr,bbq_sexualorientation/acc_stderr,bbq/acc,bbq/acc_norm,bbq/acc_norm_stderr,bbq/acc_stderr,BeaverTailsEval/acc,BeaverTailsEval/acc_norm,BeaverTailsEval/acc_norm_stderr,BeaverTailsEval/acc_stderr,CDNA/acc,CDNA/acc_norm,CDNA/acc_norm_stderr,CDNA/acc_stderr,DTToxicity/acc,DTToxicity/acc_norm,DTToxicity/acc_norm_stderr,DTToxicity/acc_stderr,JailbreakHub/acc,JailbreakHub/acc_norm,JailbreakHub/acc_norm_stderr,JailbreakHub/acc_stderr,SaladBench/acc,SaladBench/acc_norm,SaladBench/acc_norm_stderr,SaladBench/acc_stderr,SGXSTest/acc,SGXSTest/acc_norm,SGXSTest/acc_norm_stderr,SGXSTest/acc_stderr,StrongREJECT/acc,StrongREJECT/acc_norm,StrongREJECT/acc_norm_stderr,StrongREJECT/acc_stderr,toxigen/acc,toxigen/acc_norm,toxigen/acc_norm_stderr,toxigen/acc_stderr,WildGuardTest/acc,WildGuardTest/acc_norm,WildGuardTest/acc_norm_stderr,WildGuardTest/acc_stderr,wmdp_bio/acc,wmdp_bio/acc_stderr,wmdp_chem/acc,wmdp_chem/acc_stderr,wmdp_cyber/acc,wmdp_cyber/acc_stderr,wmdp/acc,wmdp/acc_stderr,xstest/acc,xstest/acc_norm,xstest/acc_norm_stderr,xstest/acc_stderr
Llama-3-8B,2024-07-22T13:30:25.000Z,35586,https://github.com/EleutherAI/lm-evaluation-harness/tree/74d23a67caa62051ea73376c8d94c19a213c2cd9,1,NVIDIA A100-SXM4-40GB,[1],8030261248,1234,0.788,0.025901885,0.529411765,0.036598295,0.548,0.031539864,0.44,0.031457245,0.568,0.031391811,0.332,0.029844039,0.696,0.029150213,0.312,0.029361068,0.324,0.029658295,0.436,0.031425567,0.796,0.025537122,0.512,0.031677086,0.456,0.031563285,0.431506849,0.041131303,0.38,0.030760116,0.508,0.031682156,0.344,0.030104503,0.617977528,0.036521126,0.724,0.028328537,0.116,0.02029343,0.156,0.022995023,0.14,0.02198941,0.36,0.030418764,0.488,0.031677086,0.287878788,0.032258835,0.315018315,0.019897986,0.339285714,0.022394217,0.322722739,0.004262331,0.512,0.031677086,0.3203125,0.029219414,0.252,0.027513852,0.042345277,0.01151188,0.032520325,0.016058998,0.03030303,0.01497702,0.007142857,0.005041703,0.006493506,0.006493506,0.124352332,0.023814477,0.022222222,0.0127339,0.215827338,N/A,0.206235012,N/A,0.114602588,0.013707854,0.107208872,0.013313536,0.358967391,0.35298913,0.007879008,0.007908656,0.339974293,0.309125964,0.011719308,0.012012635,0.410084626,0.492947814,0.006638913,0.006531332,0.412662338,0.400974026,0.008832347,0.008872306,0.368654822,0.355329949,0.012059919,0.012156348,0.404215116,0.421075581,0.005952896,0.00591682,0.402318296,0.418859649,0.003905458,0.003881656,0.426523297,0.367204301,0.004563237,0.004681841,0.396666667,0.399166667,0.014143098,0.01412804,0.410839161,0.410402098,0.005937803,0.005938761,0.371527778,0.372685185,0.016459189,0.016448765,0.403593654,0.404653628,0.002022861,0.002027109,0.012857143,0,0,0.004261119,0.006236244,0,0,0.001508064,0.501252087,0.498747913,0.010216823,0.010216823,0.902377807,0.367503303,0.003918422,0.002412237,0.499739583,0.497135417,0.008069634,0.008069765,0.505,0.5,0.03544406,0.035442288,0.003194888,0,0,0.003194888,0.428723404,0.431914894,0.016164899,0.016150241,0.550724638,0.547826087,0.011986861,0.011979948,0.713275727,0.012679946,0.529411765,0.024741164,0.442878712,0.011146221,0.546346783,0.007962222,0.546666667,0.444444444,0.023450349,0.023493458
Llama-3-8B-bagel,2024-07-31T10:33:02.000Z,40184,https://github.com/EleutherAI/lm-evaluation-harness/tree/74d23a67caa62051ea73376c8d94c19a213c2cd9,1,NVIDIA A100-SXM4-40GB,[1],8030261248,1234,0.796,0.025537122,0.588235294,0.036086406,0.432,0.031391811,0.712,0.028697005,0.568,0.031391811,0.436,0.031425567,0.724,0.028328537,0.44,0.031457245,0.48,0.031660853,0.676,0.029658295,0.736,0.027934519,0.66,0.030020074,0.484,0.031669985,0.493150685,0.041518844,0.648,0.030266288,0.612,0.030881039,0.464,0.031603975,0.696629213,0.034554219,0.784,0.026078658,0.2,0.02534897,0.236,0.026909338,0.228,0.026587432,0.272,0.028200088,0.472,0.03163649,0.308080808,0.032894773,0.291208791,0.01946091,0.321428571,0.022089519,0.340591755,0.004320593,0.56,0.031457245,0.46484375,0.03123372,0.324,0.029658295,0.058631922,0.013430311,0.048780488,0.019502197,0.015151515,0.010672769,0.010714286,0.006163684,0.058441558,0.018964387,0.098445596,0.02150025,0.02962963,0.014648039,0.489208633,N/A,0.441247002,N/A,0.351201479,0.020541692,0.293900185,0.019603612,0.705163043,0.696467391,0.007580331,0.007517455,0.746786632,0.686375321,0.011765781,0.011027483,0.83903385,0.856311707,0.004657971,0.004880083,0.775324675,0.747402597,0.007830453,0.007521676,0.717639594,0.685913706,0.011695504,0.011342657,0.83255814,0.825581395,0.004575238,0.004501701,0.853822055,0.842418546,0.002884122,0.002796545,0.884587814,0.835215054,0.003511925,0.00302471,0.795,0.775,0.012059589,0.011658721,0.798805361,0.79458042,0.004876776,0.004839179,0.837962963,0.8125,0.013286388,0.012543368,0.827856801,0.810418519,0.001607425,0.001547125,0.244285714,0,0,0.016251343,0,0,0,0,0.50375626,0.5221202,0.010206852,0.010216567,0.475825627,0.22668428,0.003402832,0.004058945,0.49765625,0.496875,0.008069609,0.008069677,0.505,0.5,0.03544406,0.035442288,0.054313099,0,0,0.012830651,0.535106383,0.436170213,0.016183379,0.016276614,0.500289855,0.704927536,0.010984188,0.012042074,0.731343284,0.01242842,0.544117647,0.024687414,0.47408153,0.011204594,0.571155943,0.007936399,0.446666667,0.444444444,0.023450349,0.023461837
Llama-3-8B-CodeLlama,2024-07-29T01:12:36.000Z,32094,https://github.com/EleutherAI/lm-evaluation-harness/tree/74d23a67caa62051ea73376c8d94c19a213c2cd9,1,NVIDIA A100-SXM4-40GB,[1],8030261248,1234,0.764,0.026909338,0.556149733,0.036429871,0.356,0.030343681,0.568,0.031391811,0.536,0.031603975,0.104,0.019345101,0.532,0.031621253,0.364,0.030491555,0.268,0.028068762,0.532,0.031621253,0.584,0.031235856,0.548,0.031539864,0.412,0.031191596,0.287671233,0.037592781,0.368,0.030562071,0.408,0.03114521,0.28,0.028454148,0.539325843,0.037465877,0.528,0.03163649,0.112,0.019985537,0.212,0.025901885,0.144,0.022249408,0.34,0.030020074,0.484,0.031669985,0.217171717,0.029376616,0.267399267,0.018959005,0.294642857,0.021562481,0.188248005,0.003563904,0.516,0.031669985,0.31640625,0.029124031,0.2,0.02534897,0.029315961,0.009643403,0.016260163,0.011450453,0.007575758,0.007575758,0,0,0.012987013,0.009153145,0.031088083,0.012525311,0.007407407,0.007407407,0.270983213,N/A,0.257793765,N/A,0.188539741,0.016832096,0.175600739,0.016373257,0.390217391,0.388586957,0.008036123,0.00804222,0.41066838,0.389460154,0.012365832,0.012475567,0.505994358,0.567524683,0.006578747,0.006639096,0.544155844,0.524675325,0.008999858,0.008975631,0.482233503,0.449238579,0.01253372,0.01259086,0.538081395,0.538517442,0.006010559,0.006010963,0.529072682,0.525626566,0.003952719,0.003951225,0.492741935,0.447849462,0.004707411,0.004732729,0.484166667,0.4825,0.014430927,0.014432533,0.517628205,0.529283217,0.006025137,0.006031744,0.46875,0.424768519,0.016826434,0.016986923,0.505453737,0.500068385,0.002056333,0.002061152,0.258571429,0,0,0.016560992,0.335289802,0,0,0.009043636,0.451168614,0.434891486,0.010129864,0.010168014,0.894583884,0.613077939,0.003958412,0.002495833,0.498177083,0.497135417,0.008069634,0.008069712,0.59,0.505,0.035442288,0.034865139,0.271565495,0,0,0.025179973,0.481914894,0.437234043,0.01618781,0.016306206,0.517681159,0.551304348,0.011978516,0.012034545,0.505106049,0.014018573,0.379901961,0.024058511,0.360342224,0.010773127,0.412758997,0.008055416,0.526666667,0.444444444,0.023450349,0.023562876
Llama-3-8B-flan,2024-08-19T19:23:18.000Z,21323,https://github.com/EleutherAI/lm-evaluation-harness/tree/feff1b55c57993c4d42c8f913a22eeec395cd690,1,NVIDIA A100-SXM4-80GB,[4],8030261248,1234,0.8,0.02534897,0.614973262,0.035679363,0.472,0.03163649,0.656,0.030104503,0.54,0.031584654,0.452,0.031539864,0.576,0.031318034,0.48,0.031660853,0.484,0.031669985,0.68,0.029561725,0.784,0.026078658,0.572,0.031355969,0.456,0.031563285,0.479452055,0.041487662,0.576,0.031318034,0.568,0.031391811,0.472,0.03163649,0.730337079,0.033356898,0.58,0.031278,0.688,0.029361068,0.216,0.026078658,0.192,0.024960692,0.248,0.027367498,0.5,0.031686213,0.292929293,0.03242498,0.278388278,0.019199018,0.294642857,0.021562481,0.315658245,0.004237349,0.548,0.031539864,0.37109375,0.030252738,0.38,0.030760116,0.045602606,0.011926108,0.016260163,0.011450453,0.007575758,0.007575758,0.003571429,0.003571429,0.025974026,0.012859059,0.088082902,0.020453747,0.014814815,0.010436495,0.043165468,N/A,0.040767386,N/A,0.035120148,0.007921691,0.033271719,0.00771779,0.516847826,0.512771739,0.008240686,0.008238695,0.501928021,0.485218509,0.012674036,0.012679484,0.561882934,0.632933709,0.006400613,0.006588525,0.537012987,0.53474026,0.008989061,0.008986115,0.461928934,0.454314721,0.012546114,0.012562241,0.594040698,0.59244186,0.005924545,0.005920886,0.540162907,0.539974937,0.003945252,0.003945132,0.594892473,0.553673835,0.004705877,0.004647204,0.494166667,0.490833333,0.014437348,0.014438792,0.556818182,0.564831002,0.005984546,0.005996401,0.53125,0.530092593,0.016989344,0.016986923,0.555169938,0.553785133,0.00204952,0.002050587,0.147142857,0,0,0.0133989,0.04108584,0,0,0.003802355,0.505008347,0.565943239,0.010127609,0.010216343,0.735931308,0.175231176,0.003089749,0.003582849,0.497916667,0.497395833,0.008069657,0.008069696,0.525,0.5,0.03544406,0.035399727,0.025559105,0,0,0.008934562,0.427659574,0.430851064,0.016160089,0.016145203,0.646376812,0.582028986,0.011878915,0.011514488,0.698350353,0.012868992,0.504901961,0.024782889,0.447408153,0.01115744,0.54089422,0.008004856,0.455555556,0.444444444,0.023450349,0.023503053
Llama-3-8B-Instruct,2024-07-22T23:23:47.000Z,38797,https://github.com/EleutherAI/lm-evaluation-harness/tree/74d23a67caa62051ea73376c8d94c19a213c2cd9,1,NVIDIA A100-SXM4-40GB,[1],8030261248,1234,0.748,0.027513852,0.625668449,0.035484923,0.452,0.031539864,0.632,0.030562071,0.552,0.031514388,0.34,0.030020074,0.544,0.031563285,0.408,0.03114521,0.448,0.031514388,0.588,0.031191596,0.58,0.031278,0.524,0.031649689,0.48,0.031660853,0.493150685,0.041518844,0.6,0.031046021,0.596,0.031096688,0.496,0.031685199,0.5,0.037582301,0.736,0.027934519,0.2,0.02534897,0.22,0.026251793,0.18,0.024346891,0.316,0.029462658,0.52,0.031660853,0.338383838,0.033711241,0.3003663,0.019636438,0.308035714,0.021836781,0.357047872,0.004368192,0.524,0.031649689,0.265625,0.027658163,0.34,0.030020074,0.140065147,0.019839791,0.040650407,0.017878908,0.03030303,0.01497702,0.014285714,0.007104351,0.071428571,0.020820825,0.202072539,0.02897909,0.051851852,0.019154368,0.598321343,N/A,0.538369305,N/A,0.463955638,0.021460593,0.388170055,0.0209715,0.549184783,0.541032609,0.008215571,0.008203395,0.607969152,0.537917738,0.012643065,0.012380429,0.748236953,0.717383639,0.00597922,0.005763493,0.69512987,0.671753247,0.008462531,0.008296321,0.657360406,0.609771574,0.01229144,0.011958598,0.786918605,0.774854651,0.005035922,0.004937135,0.830388471,0.808082707,0.003117325,0.002970746,0.833333333,0.744623656,0.004128061,0.003527939,0.6825,0.675833333,0.013517438,0.013443539,0.692162005,0.678758741,0.005636589,0.00557196,0.721064815,0.711805556,0.015417647,0.015266286,0.761608425,0.727449908,0.001812632,0.001727315,0.027142857,0,0,0.0061463,0.000733676,0,0,0.000518692,0.502086811,0.548831386,0.010168014,0.010216766,0.643791281,0.137780713,0.002801267,0.00389203,0.497135417,0.495833333,0.008069486,0.008069634,0.575,0.5,0.03544406,0.035043046,0.009584665,0,0,0.005515944,0.458510638,0.431914894,0.016164899,0.016260612,0.550144928,0.628985507,0.011634484,0.011981363,0.703849175,0.01280126,0.473039216,0.024748023,0.468545546,0.011197455,0.550708833,0.008006843,0.466666667,0.444444444,0.023450349,0.023543964
Llama-3-8B-Magpie-Align-SFT-v0.2,2024-07-30T22:01:09.000Z,39685,https://github.com/EleutherAI/lm-evaluation-harness/tree/74d23a67caa62051ea73376c8d94c19a213c2cd9,1,NVIDIA A100-SXM4-40GB,[1],8030261248,1234,0.788,0.025901885,0.598930481,0.035936979,0.488,0.031677086,0.572,0.031355969,0.58,0.031278,0.436,0.031425567,0.716,0.028576959,0.376,0.030696336,0.412,0.031191596,0.552,0.031514388,0.78,0.026251793,0.524,0.031649689,0.436,0.031425567,0.479452055,0.041487662,0.508,0.031682156,0.564,0.031425567,0.452,0.031539864,0.54494382,0.037430165,0.68,0.029561725,0.34,0.030020074,0.204,0.025537122,0.124,0.020886382,0.324,0.029658295,0.488,0.031677086,0.287878788,0.032258835,0.307692308,0.019770136,0.325892857,0.022169103,0.307347074,0.004206506,0.516,0.031669985,0.36328125,0.030117937,0.3,0.029040893,0.087947883,0.016190558,0.048780488,0.019502197,0.015151515,0.010672769,0.007142857,0.005041703,0.045454545,0.016839968,0.139896373,0.025033871,0.022222222,0.0127339,0.395683453,N/A,0.366906475,N/A,0.277264325,0.019263707,0.245841035,0.018529417,0.449728261,0.450271739,0.008202505,0.008201604,0.450514139,0.405526992,0.012451187,0.012617325,0.616537377,0.65303244,0.006320945,0.006456712,0.528246753,0.520454545,0.009003294,0.008996447,0.539340102,0.498096447,0.012598724,0.012559758,0.628052326,0.624127907,0.005839749,0.005827418,0.621303258,0.619172932,0.003843855,0.003839678,0.639157706,0.537096774,0.004720182,0.004546216,0.596666667,0.584166667,0.014233721,0.014167341,0.565850816,0.568036131,0.00597936,0.005982924,0.577546296,0.55787037,0.016905813,0.016814252,0.59493606,0.574984613,0.002028447,0.002017126,0.002857143,0,0,0.002018859,0,0,0,0,0.50375626,0.5,0.010216855,0.010216567,0.87014531,0.340554822,0.003851539,0.002731971,0.499479167,0.4984375,0.008069727,0.008069762,0.51,0.5,0.03544406,0.035436971,0.003194888,0,0,0.003194888,0.418085106,0.431914894,0.016164899,0.01609642,0.503768116,0.548405797,0.011985511,0.012041734,0.706205813,0.012771552,0.522058824,0.024759949,0.441368898,0.011142273,0.542257361,0.007978939,0.586666667,0.444444444,0.023450349,0.023239284
Llama-3-8B-Magpie-Align-v0.2,2024-07-30T15:58:01.000Z,31713,https://github.com/EleutherAI/lm-evaluation-harness/tree/74d23a67caa62051ea73376c8d94c19a213c2cd9,1,NVIDIA A100-SXM4-40GB,[1],8030261248,1234,0.792,0.025721399,0.620320856,0.035584436,0.484,0.031669985,0.684,0.029462658,0.544,0.031563285,0.46,0.031584654,0.7,0.029040893,0.36,0.030418764,0.376,0.030696336,0.516,0.031669985,0.628,0.030630326,0.624,0.030696336,0.424,0.031318034,0.48630137,0.041507153,0.452,0.031539864,0.644,0.030343681,0.444,0.031486849,0.561797753,0.037294146,0.72,0.028454148,0.348,0.030186568,0.18,0.024346891,0.164,0.023465261,0.308,0.029256929,0.492,0.031682156,0.292929293,0.03242498,0.296703297,0.01956736,0.334821429,0.022321429,0.319481383,0.004251008,0.528,0.03163649,0.3203125,0.029219414,0.24,0.027065294,0.045602606,0.011926108,0.056910569,0.020974566,0.022727273,0.013021047,0.010714286,0.006163684,0.058441558,0.018964387,0.134715026,0.024639789,0.02962963,0.014648039,0.529976019,N/A,0.459232614,N/A,0.399260628,0.021075331,0.319778189,0.020070252,0.563315217,0.559782609,0.008184241,0.008177017,0.594473008,0.546915167,0.012623638,0.012451187,0.668018336,0.674894217,0.006220143,0.006253475,0.679220779,0.670454545,0.008471055,0.008412087,0.637055838,0.633248731,0.012143187,0.012116254,0.719331395,0.717296512,0.005429406,0.005417498,0.747368421,0.745739348,0.003446913,0.003439603,0.777867384,0.757885305,0.004055082,0.003935014,0.7025,0.700833333,0.013223743,0.013202527,0.735868298,0.734265734,0.00533204,0.005321736,0.726851852,0.719907407,0.015285644,0.015167594,0.717414347,0.71120837,0.001858709,0.001846336,0.34,0,0,0.017917311,0.127292737,0,0,0.006384882,0.448247078,0.496661102,0.010216628,0.010161979,0.573910172,0.259180978,0.003561304,0.004019055,0.497135417,0.496875,0.008069609,0.008069634,0.51,0.5,0.03544406,0.035436971,0.306709265,0,0,0.026106211,0.45106383,0.431914894,0.016164899,0.016238546,0.577391304,0.546666667,0.011989512,0.011896952,0.701492537,0.012830559,0.50245098,0.024783782,0.458983392,0.011181863,0.547982552,0.008007462,0.568888889,0.444444444,0.023450349,0.023371423
Llama-3-8B-NuminaCoT,2024-08-13T04:24:15.000Z,38498,https://github.com/EleutherAI/lm-evaluation-harness/tree/74d23a67caa62051ea73376c8d94c19a213c2cd9,1,NVIDIA A100-SXM4-40GB,[1],8030261248,1234,0.764,0.026909338,0.56684492,0.036332674,0.516,0.031669985,0.412,0.031191596,0.532,0.031621253,0.476,0.031649689,0.668,0.029844039,0.364,0.030491555,0.392,0.030938208,0.496,0.031685199,0.692,0.029256929,0.556,0.031486849,0.444,0.031486849,0.445205479,0.041272648,0.5,0.031686213,0.592,0.03114521,0.36,0.030418764,0.573033708,0.037179218,0.676,0.029658295,0.08,0.017192508,0.176,0.024133498,0.132,0.021450981,0.324,0.029658295,0.476,0.031649689,0.318181818,0.033184773,0.289377289,0.019424664,0.301339286,0.021702376,0.306682181,0.00420397,0.516,0.031669985,0.328125,0.029403147,0.244,0.027217995,0.214983713,0.023484504,0.097560976,0.026863778,0.053030303,0.019579178,0.021428571,0.008669435,0.155844156,0.029323166,0.295336788,0.032922966,0.037037037,0.016314378,0.336930456,N/A,0.322541966,N/A,0.210720887,0.017549802,0.194085028,0.017019381,0.394021739,0.391847826,0.008048222,0.008056079,0.383033419,0.343187661,0.012039856,0.012327754,0.481488011,0.521156559,0.006633627,0.006635021,0.466883117,0.454545455,0.008973525,0.008991051,0.405456853,0.398477157,0.012336373,0.012371539,0.48372093,0.476744186,0.006021949,0.006025277,0.492293233,0.494611529,0.003957692,0.003957451,0.543010753,0.412365591,0.00465996,0.004715683,0.413333333,0.43,0.014297564,0.014221203,0.419726107,0.428904429,0.005974171,0.005957204,0.439814815,0.420138889,0.016801693,0.016896445,0.476236066,0.454062094,0.002050371,0.00205611,0.062857143,0,0,0.009179978,0.004035216,0,0,0.001214429,0.470367279,0.486644407,0.01021321,0.010198897,0.817239102,0.22661823,0.003402482,0.003140998,0.5,0.497916667,0.008069696,0.008069766,0.515,0.495,0.035442288,0.035428107,0.028753994,0,0,0.009460986,0.428723404,0.431914894,0.016164899,0.016150241,0.55826087,0.548405797,0.011985511,0.011960047,0.670856245,0.013175405,0.460784314,0.024707733,0.438852542,0.011135461,0.521810251,0.008052899,0.5,0.444444444,0.023450349,0.023596459
Llama-3-8B-OpenHermes-243K,2024-07-24T23:56:34.000Z,36433,https://github.com/EleutherAI/lm-evaluation-harness/tree/74d23a67caa62051ea73376c8d94c19a213c2cd9,1,NVIDIA A100-SXM4-40GB,[1],8030261248,1234,0.816,0.024555813,0.561497326,0.036383418,0.448,0.031514388,0.608,0.030938208,0.568,0.031391811,0.452,0.031539864,0.684,0.029462658,0.388,0.030881039,0.388,0.030881039,0.588,0.031191596,0.772,0.026587432,0.484,0.031669985,0.516,0.031669985,0.493150685,0.041518844,0.432,0.031391811,0.568,0.031391811,0.408,0.03114521,0.573033708,0.037179218,0.776,0.026421362,0.212,0.025901885,0.16,0.023232715,0.124,0.020886382,0.32,0.029561725,0.488,0.031677086,0.287878788,0.032258835,0.3003663,0.019636438,0.308035714,0.021836781,0.301612367,0.004184292,0.548,0.031539864,0.36328125,0.030117937,0.38,0.030760116,0.061889251,0.01377444,0.048780488,0.019502197,0.037878788,0.016679279,0.007142857,0.005041703,0.019480519,0.011173331,0.077720207,0.019321806,0.007407407,0.007407407,0.434052758,N/A,0.394484412,N/A,0.308687616,0.019879245,0.271719039,0.019143116,0.533423913,0.489402174,0.008241524,0.008224937,0.48714653,0.390745501,0.012373175,0.012675388,0.588328632,0.556417489,0.006597171,0.006535149,0.573701299,0.532792208,0.008991437,0.008912408,0.531725888,0.454949239,0.012547571,0.012573428,0.617877907,0.587790698,0.005934821,0.005858545,0.625438596,0.602192982,0.003874371,0.003831343,0.639874552,0.489247312,0.004732133,0.004544244,0.599166667,0.580833333,0.014249825,0.014152923,0.581730769,0.561917249,0.005989041,0.005954317,0.568287037,0.527777778,0.016993912,0.016860716,0.602475552,0.547903987,0.002046308,0.002017944,0.327142857,0,0,0.017745636,0.004768892,0,0,0.001319737,0.489983306,0.502921536,0.010216681,0.010214805,0.710435931,0.369286658,0.003922376,0.003686262,0.498177083,0.49765625,0.008069677,0.008069712,0.46,0.5,0.03544406,0.035330457,0.150159744,0,0,0.020224049,0.429787234,0.431914894,0.016164899,0.016155203,0.583188406,0.550144928,0.011981363,0.011874237,0.703063629,0.012811072,0.514705882,0.024773358,0.441368898,0.011142273,0.540348964,0.00798708,0.457777778,0.444444444,0.023450349,0.023512177
Llama-3-8B-Replete-Coder,2024-07-29T21:56:15.000Z,42375,https://github.com/EleutherAI/lm-evaluation-harness/tree/74d23a67caa62051ea73376c8d94c19a213c2cd9,1,NVIDIA A100-SXM4-40GB,[1],8030261248,1234,0.768,0.02675007,0.582887701,0.036154509,0.464,0.031603975,0.436,0.031425567,0.592,0.03114521,0.28,0.028454148,0.696,0.029150213,0.348,0.030186568,0.34,0.030020074,0.5,0.031686213,0.756,0.027217995,0.596,0.031096688,0.468,0.031621253,0.452054795,0.041331399,0.416,0.031235856,0.64,0.030418764,0.372,0.030630326,0.691011236,0.034731798,0.756,0.027217995,0.1,0.019011728,0.136,0.021723343,0.156,0.022995023,0.324,0.029658295,0.488,0.031677086,0.297979798,0.032586304,0.291208791,0.01946091,0.272321429,0.021055082,0.308510638,0.00421092,0.584,0.031235856,0.33984375,0.029661487,0.336,0.029933259,0.039087948,0.011079051,0.016260163,0.011450453,0.007575758,0.007575758,0.007142857,0.005041703,0.012987013,0.009153145,0.07253886,0.018718999,0.014814815,0.010436495,0.372901679,N/A,0.316546763,N/A,0.242144177,0.018434588,0.192236599,0.016957555,0.431521739,0.433423913,0.008169974,0.008165699,0.460796915,0.420308483,0.012517493,0.012640544,0.520098731,0.582686883,0.006548153,0.006634207,0.485714286,0.477597403,0.009001788,0.009007159,0.445431472,0.420050761,0.012436713,0.012523559,0.525581395,0.515697674,0.006025502,0.006020578,0.558897243,0.545551378,0.003941462,0.003930366,0.567204301,0.465322581,0.00472183,0.004690278,0.48,0.474166667,0.014420489,0.014428218,0.500582751,0.514131702,0.006033085,0.006035492,0.491898148,0.46875,0.016986923,0.017017963,0.525815496,0.506701771,0.002058524,0.002057797,0.052857143,0,0,0.008462935,0,0,0,0,0.500417362,0.524624374,0.010204458,0.010216852,0.846961691,0.281307794,0.00365438,0.002926061,0.5,0.498177083,0.008069712,0.008069766,0.4,0.5,0.03544406,0.034727945,0.083067093,0,0,0.015624495,0.435106383,0.432978723,0.016169633,0.016178873,0.437101449,0.582028986,0.011878915,0.011946414,0.680282797,0.013076279,0.5,0.02478408,0.42627076,0.011097027,0.522628135,0.008020698,0.402222222,0.444444444,0.023450349,0.023140873
Llama-3-8B-ShareGPT-112K,2024-07-24T05:37:08.000Z,42870,https://github.com/EleutherAI/lm-evaluation-harness/tree/74d23a67caa62051ea73376c8d94c19a213c2cd9,1,NVIDIA A100-SXM4-40GB,[1],8030261248,1234,0.796,0.025537122,0.620320856,0.035584436,0.464,0.031603975,0.672,0.029752392,0.572,0.031355969,0.416,0.031235856,0.712,0.028697005,0.312,0.029361068,0.32,0.029561725,0.504,0.031685199,0.74,0.027797316,0.648,0.030266288,0.4,0.031046021,0.445205479,0.041272648,0.472,0.03163649,0.496,0.031685199,0.464,0.031603975,0.606741573,0.036715907,0.624,0.030696336,0.18,0.024346891,0.18,0.024346891,0.16,0.023232715,0.348,0.030186568,0.488,0.031677086,0.323232323,0.033322999,0.294871795,0.019532256,0.316964286,0.022007622,0.306515957,0.004203334,0.524,0.031649689,0.32421875,0.029312445,0.276,0.028328537,0.055374593,0.013074478,0.032520325,0.016058998,0.022727273,0.013021047,0.021428571,0.008669435,0.019480519,0.011173331,0.103626943,0.021995312,0,0,0.395683453,N/A,0.357314149,N/A,0.271719039,0.019143116,0.234750462,0.018239288,0.575543478,0.561684783,0.008180403,0.008148746,0.588688946,0.493573265,0.012678531,0.012478516,0.682299013,0.65796897,0.006299494,0.006182539,0.647077922,0.614935065,0.008769539,0.008612175,0.633883249,0.568527919,0.012479925,0.012138755,0.731831395,0.706976744,0.005487707,0.005341298,0.740538847,0.713847118,0.003577658,0.003469822,0.803494624,0.670340502,0.004450081,0.003761543,0.710833333,0.69,0.013356596,0.013093279,0.721153846,0.691142191,0.005577069,0.005413016,0.709490741,0.66087963,0.01611509,0.015454251,0.720320728,0.67082678,0.001930967,0.001838192,0.04,0,0,0.007411857,0.000366838,0,0,0.000366838,0.513772955,0.535058431,0.010191709,0.010212978,0.722919419,0.369154557,0.003922085,0.00363747,0.49765625,0.496875,0.008069609,0.008069677,0.475,0.5,0.03544406,0.035399727,0.015974441,0,0,0.007098045,0.436170213,0.431914894,0.016164899,0.016183379,0.554782609,0.547826087,0.011986861,0.011969578,0.706205813,0.012771552,0.526960784,0.024748023,0.445395068,0.01115257,0.544983642,0.007982703,0.444444444,0.444444444,0.023450349,0.023450349
Llama-3-8B-Tulu-330K,2024-07-24T14:55:55.000Z,42095,https://github.com/EleutherAI/lm-evaluation-harness/tree/74d23a67caa62051ea73376c8d94c19a213c2cd9,1,NVIDIA A100-SXM4-40GB,[1],8030261248,1234,0.816,0.024555813,0.604278075,0.035855601,0.372,0.030630326,0.684,0.029462658,0.552,0.031514388,0.368,0.030562071,0.732,0.028068762,0.404,0.031096688,0.38,0.030760116,0.532,0.031621253,0.72,0.028454148,0.652,0.030186568,0.424,0.031318034,0.410958904,0.040859025,0.52,0.031660853,0.496,0.031685199,0.468,0.031621253,0.668539326,0.035382853,0.78,0.026251793,0.404,0.031096688,0.148,0.022503547,0.144,0.022249408,0.276,0.028328537,0.54,0.031584654,0.267676768,0.031544499,0.294871795,0.019532256,0.301339286,0.021702376,0.307430186,0.004206822,0.56,0.031457245,0.41796875,0.030886946,0.312,0.029361068,0.06514658,0.014107721,0.032520325,0.016058998,0.037878788,0.016679279,0.014285714,0.007104351,0.058441558,0.018964387,0.129533679,0.024233532,0.007407407,0.007407407,0.435251799,N/A,0.400479616,N/A,0.295748614,0.019639405,0.258780037,0.018846993,0.625543478,0.613586957,0.008027846,0.007979296,0.676735219,0.606041131,0.012391141,0.011861057,0.778208745,0.754407616,0.005715848,0.005516841,0.725324675,0.696428571,0.008286362,0.008043984,0.678299492,0.628807107,0.012173579,0.011770539,0.809447674,0.793313953,0.004882199,0.004735206,0.828258145,0.803070175,0.003147963,0.002985507,0.896146953,0.810573477,0.003709402,0.00288793,0.7625,0.735,0.012745504,0.012289724,0.761509324,0.746649184,0.005250038,0.005144182,0.784722222,0.738425926,0.014960476,0.01399111,0.79807495,0.762189701,0.001741867,0.00163273,0.178571429,0,0,0.014486127,0.000366838,0,0,0.000366838,0.499582638,0.508347245,0.010215432,0.010216852,0.521994716,0.179722589,0.003120564,0.004059764,0.49765625,0.497395833,0.008069657,0.008069677,0.5,0.5,0.03544406,0.03544406,0.063897764,0,0,0.013846091,0.420212766,0.431914894,0.016164899,0.016107797,0.611594203,0.550724638,0.011979948,0.011738319,0.694422624,0.012916028,0.519607843,0.024765015,0.452440866,0.011168807,0.54389313,0.00801794,0.444444444,0.444444444,0.023450349,0.023450349
Llama-3-8B-tulu-human-v2,2024-08-12T11:16:18.000Z,36718,https://github.com/EleutherAI/lm-evaluation-harness/tree/74d23a67caa62051ea73376c8d94c19a213c2cd9,1,NVIDIA A100-SXM4-40GB,[1],8030261248,1234,0.808,0.024960692,0.582887701,0.036154509,0.484,0.031669985,0.7,0.029040893,0.512,0.031677086,0.44,0.031457245,0.548,0.031539864,0.432,0.031391811,0.428,0.031355969,0.596,0.031096688,0.836,0.023465261,0.42,0.031278,0.508,0.031682156,0.445205479,0.041272648,0.488,0.031677086,0.648,0.030266288,0.416,0.031235856,0.792134831,0.030500277,0.728,0.028200088,0.228,0.026587432,0.128,0.021172081,0.124,0.020886382,0.292,0.02881432,0.5,0.031686213,0.308080808,0.032894773,0.269230769,0.019000027,0.3125,0.021923384,0.300199468,0.0041787,0.54,0.031584654,0.41796875,0.030886946,0.404,0.031096688,0.045602606,0.011926108,0.024390244,0.013965813,0.03030303,0.01497702,0.017857143,0.007928503,0.032467532,0.014328862,0.07253886,0.018718999,0.022222222,0.0127339,0.351318945,N/A,0.31294964,N/A,0.20702403,0.017435866,0.179297597,0.016507572,0.564673913,0.55625,0.008191045,0.008174126,0.611182519,0.557840617,0.012594452,0.012362126,0.725141044,0.764280677,0.005636301,0.005928385,0.671103896,0.645779221,0.008619344,0.008466802,0.574238579,0.545685279,0.012546114,0.012459168,0.768313953,0.75755814,0.005167127,0.00508694,0.803007519,0.793859649,0.003202215,0.003148341,0.819265233,0.725985663,0.004222192,0.003642675,0.711666667,0.688333333,0.013376269,0.01308206,0.661858974,0.657488345,0.005728286,0.005710507,0.706018519,0.686342593,0.015794026,0.015508244,0.741400533,0.718303358,0.001833067,0.001779631,0.028571429,0,0,0.006301339,0.070432869,0,0,0.004901678,0.461185309,0.491652755,0.010215432,0.010186024,0.422787318,0.133817701,0.002767023,0.004014952,0.497916667,0.497395833,0.008069657,0.008069696,0.55,0.5,0.03544406,0.035266395,0.012779553,0,0,0.006358982,0.423404255,0.431914894,0.016164899,0.016124287,0.550724638,0.547826087,0.011986861,0.011979948,0.680282797,0.013076279,0.485294118,0.024773358,0.47005536,0.011199539,0.544711014,0.008062008,0.482222222,0.444444444,0.023450349,0.023581539
Llama-3-8B-Ultrachat (princeton),2024-07-27T01:39:35.000Z,45175,https://github.com/EleutherAI/lm-evaluation-harness/tree/74d23a67caa62051ea73376c8d94c19a213c2cd9,1,NVIDIA A100-SXM4-40GB,[1],8030261248,1234,0.756,0.027217995,0.593582888,0.036013904,0.444,0.031486849,0.6,0.031046021,0.56,0.031457245,0.324,0.029658295,0.668,0.029844039,0.38,0.030760116,0.4,0.031046021,0.524,0.031649689,0.752,0.027367498,0.476,0.031649689,0.44,0.031457245,0.424657534,0.041048627,0.392,0.030938208,0.452,0.031539864,0.368,0.030562071,0.54494382,0.037430165,0.748,0.027513852,0.188,0.024760378,0.16,0.023232715,0.12,0.020593601,0.348,0.030186568,0.488,0.031677086,0.257575758,0.03115627,0.283882784,0.019313605,0.308035714,0.021836781,0.309009309,0.004212802,0.548,0.031539864,0.359375,0.030047323,0.328,0.029752392,0.052117264,0.012705957,0.040650407,0.017878908,0.03030303,0.01497702,0.007142857,0.005041703,0.025974026,0.012859059,0.088082902,0.020453747,0.02962963,0.014648039,0.360911271,N/A,0.339328537,N/A,0.227356747,0.018036263,0.208872458,0.017493107,0.490217391,0.479891304,0.008236707,0.008241798,0.459511568,0.406812339,0.012457415,0.012637938,0.54848378,0.633638928,0.006398022,0.006608285,0.552922078,0.53961039,0.008982517,0.008960221,0.529822335,0.480329949,0.012589063,0.012576386,0.579069767,0.575,0.005960267,0.005952616,0.559837093,0.568796992,0.003920276,0.003929477,0.598387097,0.501075269,0.004733216,0.004640687,0.5725,0.555833333,0.014349464,0.01428717,0.559149184,0.572698135,0.00597136,0.005993116,0.524305556,0.494212963,0.017019058,0.017000076,0.559785954,0.548160432,0.002047973,0.002048741,0.007142857,0,0,0.00318523,0.002567865,0,0,0.000969493,0.499165275,0.513772955,0.010212978,0.010216841,0.747754293,0.138969617,0.002811387,0.00352974,0.498697917,0.497135417,0.008069634,0.008069739,0.5,0.5,0.03544406,0.03544406,0.003194888,0,0,0.003194888,0.427659574,0.431914894,0.016164899,0.016145203,0.431304348,0.547246377,0.011988195,0.011927879,0.708562451,0.012741433,0.512254902,0.024776634,0.462506291,0.011188088,0.553435115,0.007992586,0.56,0.444444444,0.023450349,0.023425948
Llama-3-8B-Ultrachat-200K,2024-07-23T21:25:31.000Z,38729,https://github.com/EleutherAI/lm-evaluation-harness/tree/74d23a67caa62051ea73376c8d94c19a213c2cd9,1,NVIDIA A100-SXM4-40GB,[1],8030261248,1234,0.812,0.024760378,0.572192513,0.036277621,0.496,0.031685199,0.652,0.030186568,0.524,0.031649689,0.372,0.030630326,0.672,0.029752392,0.372,0.030630326,0.42,0.031278,0.596,0.031096688,0.684,0.029462658,0.508,0.031682156,0.416,0.031235856,0.48630137,0.041507153,0.42,0.031278,0.524,0.031649689,0.42,0.031278,0.56741573,0.03723912,0.744,0.027657109,0.148,0.022503547,0.188,0.024760378,0.152,0.022752024,0.34,0.030020074,0.488,0.031677086,0.313131313,0.033042051,0.294871795,0.019532256,0.339285714,0.022394217,0.304022606,0.004193722,0.548,0.031539864,0.359375,0.030047323,0.308,0.029256929,0.045602606,0.011926108,0.032520325,0.016058998,0.015151515,0.010672769,0.017857143,0.007928503,0.025974026,0.012859059,0.103626943,0.021995312,0.02962963,0.014648039,0.460431655,N/A,0.431654676,N/A,0.330868762,0.020248211,0.295748614,0.019639405,0.61603261,0.59728261,0.00808584,0.00801833,0.57840617,0.49100257,0.01267753,0.01252271,0.69199577,0.69481664,0.00611485,0.00613056,0.68214286,0.65357143,0.00857528,0.00839168,0.65545685,0.60786802,0.01230214,0.0119744,0.72776163,0.71162791,0.00546186,0.00536669,0.71309524,0.69968672,0.00362858,0.00358047,0.81810036,0.6984767,0.00434434,0.0036518,0.7125,0.7,0.01323427,0.01307079,0.72829254,0.71197552,0.00546626,0.00536966,0.70949074,0.66550926,0.01606067,0.01545425,0.72165424,0.68443548,0.00191295,0.00183784,0.11285714,0,0,0.01196803,0.02054292,0,0,0.00271732,0.48789649,0.49248748,0.0102157,0.01021386,0.65970938,0.2818362,0.00365647,0.00385082,0.49635417,0.49609375,0.00806952,0.00806955,0.47,0.5,0.03544406,0.0353802,0.01277955,0,0,0.00635898,0.4287234,0.43191489,0.0161649,0.01615024,0.56521739,0.54782609,0.01198686,0.0119392,0.68578162,0.01301563,0.52696078,0.02474802,0.45596376,0.01117608,0.5436205,0.00803964,0.46222222,0.44444444,0.02345035,0.02352901
Llama-3-8B-Ultrachat-DPO,2024-09-08T05:38:39.000Z,52122,https://github.com/penfever/lm-evaluation-harness/tree/3823cfec41c016378acbcc8616dd1ac92c15edd4,1,NVIDIA A100-SXM4-40GB,[1],8030261248,1234,0.748,0.027513852,0.625668449,0.035484923,0.396,0.030993198,0.66,0.030020074,0.556,0.031486849,0.344,0.030104503,0.668,0.029844039,0.392,0.030938208,0.444,0.031486849,0.536,0.031603975,0.664,0.029933259,0.628,0.030630326,0.38,0.030760116,0.45890411,0.041382249,0.42,0.031278,0.504,0.031685199,0.424,0.031318034,0.511235955,0.037572811,0.776,0.026421362,0.24,0.027065294,0.172,0.023915514,0.144,0.022249408,0.372,0.030630326,0.448,0.031514388,0.358585859,0.034169036,0.296703297,0.01956736,0.325892857,0.022169103,0.315076463,0.004235241,0.516,0.031669985,0.39453125,0.030606698,0.3,0.029040893,0.078175896,0.015346161,0.032520325,0.016058998,0.007575758,0.007575758,0.003571429,0.003571429,0.012987013,0.009153145,0.124352332,0.023814477,0.02962963,0.014648039,0.434052758,N/A,0.395683453,N/A,0.303142329,0.019778732,0.262476895,0.018933743,0.545380435,0.543206522,0.008212541,0.008209353,0.564910026,0.54562982,0.012626668,0.012572278,0.680183357,0.687235543,0.006156469,0.006193465,0.630519481,0.627597403,0.008712486,0.008698416,0.631345178,0.621827411,0.012219113,0.012156348,0.707412791,0.70494186,0.005498798,0.005485314,0.693609023,0.693107769,0.003650821,0.003649157,0.729032258,0.702419355,0.004328007,0.004207455,0.7,0.6925,0.013326707,0.013234272,0.677447552,0.675407925,0.005651907,0.005642623,0.689814815,0.668981481,0.016018719,0.015746041,0.681118785,0.674536689,0.001928267,0.001916968,0.011428571,0,0,0.004020327,0.001100514,0,0,0.000635149,0.498330551,0.499582638,0.010216852,0.010216798,0.405614267,0.121400264,0.002654341,0.003990637,0.49765625,0.497395833,0.008069657,0.008069677,0.485,0.545,0.03530022,0.035428107,0.006389776,0,0,0.004511008,0.434042553,0.431914894,0.016164899,0.016174291,0.581449275,0.548405797,0.011985511,0.011881228,0.71641791,0.012638021,0.507352941,0.0247814,0.48616004,0.011215379,0.568429662,0.007984215,0.426666667,0.444444444,0.023450349,0.023341286
Llama-3-8B-Ultrachat-IPO,2024-09-06T23:15:34.000Z,44234,https://github.com/penfever/lm-evaluation-harness/tree/3823cfec41c016378acbcc8616dd1ac92c15edd4,1,NVIDIA A100-SXM4-40GB,[1],8030261248,1234,0.744,0.027657109,0.614973262,0.035679363,0.412,0.031191596,0.664,0.029933259,0.548,0.031539864,0.328,0.029752392,0.696,0.029150213,0.436,0.031425567,0.472,0.03163649,0.56,0.031457245,0.676,0.029658295,0.636,0.030491555,0.4,0.031046021,0.465753425,0.041425227,0.436,0.031425567,0.496,0.031685199,0.432,0.031391811,0.52247191,0.037544325,0.78,0.026251793,0.304,0.029150213,0.18,0.024346891,0.152,0.022752024,0.348,0.030186568,0.44,0.031457245,0.373737374,0.034468977,0.311355311,0.019834785,0.310267857,0.02188038,0.317486702,0.004243923,0.532,0.031621253,0.39453125,0.030606698,0.32,0.029561725,0.045602606,0.011926108,0.048780488,0.019502197,0.045454545,0.018199159,0.014285714,0.007104351,0.019480519,0.011173331,0.093264249,0.020986855,0.007407407,0.007407407,0.438848921,N/A,0.410071942,N/A,0.303142329,0.019778732,0.268022181,0.019060639,0.592391304,0.591304348,0.008104769,0.00810142,0.611182519,0.600899743,0.012418719,0.012362126,0.715267983,0.717912553,0.005975824,0.005992703,0.666558442,0.665909091,0.008500314,0.008496188,0.650380711,0.640228426,0.012093183,0.012015483,0.737790698,0.738081395,0.005301181,0.005303078,0.759837093,0.758834586,0.003386322,0.003381508,0.778942652,0.767204301,0.004000648,0.003928191,0.724166667,0.723333333,0.012919273,0.01290723,0.716346154,0.715617716,0.005445463,0.005441252,0.731481481,0.729166667,0.015127218,0.015086323,0.727962798,0.72495384,0.001834429,0.001827614,0.002857143,0,0,0.002018859,0,0,0,0,0.499582638,0.495409015,0.010216425,0.010216852,0.226420079,0.102774108,0.002467994,0.003401429,0.497395833,0.497135417,0.008069634,0.008069657,0.41,0.52,0.035415694,0.034865139,0.003194888,0,0,0.003194888,0.429787234,0.431914894,0.016164899,0.016155203,0.580869565,0.550724638,0.011979948,0.011883525,0.703849175,0.01280126,0.519607843,0.024765015,0.490689482,0.011217732,0.567884406,0.008015819,0.471111111,0.444444444,0.023450349,0.02355704
Llama-3-8B-Ultrachat-KTO,2024-09-07T09:20:53.000Z,36764,https://github.com/penfever/lm-evaluation-harness/tree/3823cfec41c016378acbcc8616dd1ac92c15edd4,1,NVIDIA A100-SXM4-40GB,[1],8030261248,1234,0.748,0.027513852,0.631016043,0.035380785,0.404,0.031096688,0.608,0.030938208,0.556,0.031486849,0.324,0.029658295,0.704,0.028928939,0.376,0.030696336,0.452,0.031539864,0.54,0.031584654,0.648,0.030266288,0.616,0.030821679,0.372,0.030630326,0.445205479,0.041272648,0.452,0.031539864,0.564,0.031425567,0.44,0.031457245,0.505617978,0.037579929,0.772,0.026587432,0.284,0.028576959,0.188,0.024760378,0.124,0.020886382,0.36,0.030418764,0.428,0.031355969,0.328282828,0.033456784,0.282051282,0.019275804,0.337053571,0.022358101,0.310671543,0.004219034,0.516,0.031669985,0.37109375,0.030252738,0.336,0.029933259,0.084690554,0.01591625,0.024390244,0.013965813,0.037878788,0.016679279,0.007142857,0.005041703,0.051948052,0.017941344,0.10880829,0.022473253,0.02962963,0.014648039,0.5,N/A,0.42206235,N/A,0.38077634,0.020895938,0.290203327,0.019530857,0.565217391,0.563315217,0.008177017,0.008172952,0.589974293,0.56748072,0.012563571,0.012472597,0.685648801,0.692700987,0.006126658,0.006164936,0.658441558,0.65487013,0.008567695,0.00854646,0.638959391,0.629441624,0.012169305,0.01210248,0.721366279,0.71875,0.005420914,0.005405453,0.717418546,0.712844612,0.003581402,0.003564144,0.73781362,0.711648746,0.00428826,0.004163569,0.713333333,0.705,0.013170309,0.013059461,0.735868298,0.734411422,0.005331107,0.005321736,0.693287037,0.68287037,0.015840984,0.01569702,0.702232784,0.694710388,0.001894837,0.001880777,0.008571429,0,0,0.003486733,0.002201027,0,0,0.000897741,0.487479132,0.497495826,0.010216727,0.010213651,0.402509908,0.122457067,0.002664266,0.003985704,0.496354167,0.49609375,0.00806952,0.008069552,0.5,0.52,0.035415694,0.03544406,0.006389776,0,0,0.004511008,0.438297872,0.431914894,0.016164899,0.016192165,0.622028986,0.550144928,0.011981363,0.011677932,0.707776905,0.012751519,0.526960784,0.024748023,0.487669854,0.011216266,0.568429662,0.008005012,0.397777778,0.444444444,0.023450349,0.023098058
Llama-3-8B-Ultrachat-ORPO,2024-07-27T11:34:58.000Z,37218,https://github.com/EleutherAI/lm-evaluation-harness/tree/74d23a67caa62051ea73376c8d94c19a213c2cd9,1,NVIDIA A100-SXM4-40GB,[1],8030261248,1234,0.768,0.02675007,0.588235294,0.036086406,0.436,0.031425567,0.704,0.028928939,0.576,0.031318034,0.348,0.030186568,0.652,0.030186568,0.424,0.031318034,0.428,0.031355969,0.532,0.031621253,0.736,0.027934519,0.624,0.030696336,0.452,0.031539864,0.438356164,0.041205962,0.42,0.031278,0.52,0.031660853,0.432,0.031391811,0.5,0.037582301,0.76,0.027065294,0.308,0.029256929,0.168,0.023692813,0.148,0.022503547,0.368,0.030562071,0.46,0.031584654,0.303030303,0.032742879,0.296703297,0.01956736,0.321428571,0.022089519,0.318234707,0.00424659,0.532,0.031621253,0.37109375,0.030252738,0.256,0.027657109,0.061889251,0.01377444,0.032520325,0.016058998,0.015151515,0.010672769,0.010714286,0.006163684,0.051948052,0.017941344,0.160621762,0.026499058,0.022222222,0.0127339,0.522781775,N/A,0.428057554,N/A,0.402957486,0.02110743,0.292051756,0.01956743,0.499184783,0.496467391,0.00824317,0.008243365,0.507712082,0.442802057,0.01259634,0.01267807,0.581100141,0.656911142,0.006304154,0.006551651,0.579220779,0.552922078,0.008960221,0.008897016,0.557741117,0.512690355,0.012594757,0.012514524,0.604215116,0.597674419,0.005912328,0.005896071,0.604448622,0.600877193,0.003876531,0.0038706,0.641129032,0.54516129,0.004713881,0.004540767,0.606666667,0.5775,0.014265262,0.014107363,0.604166667,0.610868298,0.005885253,0.005903065,0.586805556,0.565972222,0.016871392,0.016761734,0.597124393,0.579805785,0.002031939,0.002022715,0,0,0,0,0,0,0,0,0.505843072,0.53130217,0.010196814,0.010216158,0.579194188,0.117173052,0.002613985,0.004012401,0.498177083,0.496614583,0.008069581,0.008069712,0.5,0.505,0.035442288,0.03544406,0.003194888,0,0,0.003194888,0.425531915,0.431914894,0.016164899,0.016134898,0.44057971,0.562318841,0.011948176,0.011956738,0.710919089,0.012710898,0.507352941,0.0247814,0.458983392,0.011181863,0.551799346,0.007984351,0.504444444,0.444444444,0.023450349,0.023595527
Llama-3-8B-Ultrachat-RDPO,2024-09-07T17:22:49.000Z,51982,https://github.com/penfever/lm-evaluation-harness/tree/3823cfec41c016378acbcc8616dd1ac92c15edd4,1,NVIDIA A100-SXM4-40GB,[1],8030261248,1234,0.764,0.026909338,0.609625668,0.035769739,0.404,0.031096688,0.636,0.030491555,0.54,0.031584654,0.352,0.030266288,0.672,0.029752392,0.416,0.031235856,0.46,0.031584654,0.544,0.031563285,0.696,0.029150213,0.64,0.030418764,0.392,0.030938208,0.452054795,0.041331399,0.444,0.031486849,0.524,0.031649689,0.428,0.031355969,0.516853933,0.037560944,0.776,0.026421362,0.328,0.029752392,0.18,0.024346891,0.148,0.022503547,0.356,0.030343681,0.444,0.031486849,0.353535354,0.034060867,0.287545788,0.019388032,0.316964286,0.022007622,0.314827128,0.004234336,0.52,0.031660853,0.38671875,0.030497017,0.32,0.029561725,0.061889251,0.01377444,0.032520325,0.016058998,0.007575758,0.007575758,0.003571429,0.003571429,0.019480519,0.011173331,0.134715026,0.024639789,0.014814815,0.010436495,0.466426859,N/A,0.411270983,N/A,0.338262477,0.020359772,0.268022181,0.019060639,0.558695652,0.55625,0.008191045,0.008186379,0.583547558,0.560411311,0.012586689,0.012501313,0.692348378,0.698166432,0.006095838,0.006128612,0.643181818,0.641558442,0.008642163,0.008633473,0.629441624,0.622461929,0.012215085,0.012169305,0.719767442,0.719476744,0.005416642,0.005414929,0.721553885,0.720175439,0.003553524,0.003548151,0.750358423,0.729121864,0.004207018,0.004097134,0.700833333,0.696666667,0.01327587,0.013223743,0.68997669,0.6875,0.005595055,0.005582868,0.699074074,0.6875,0.015778146,0.015612987,0.699018669,0.693530739,0.00189537,0.001885006,0.017142857,0,0,0.004909624,0.001100514,0,0,0.000635149,0.490400668,0.498330551,0.010216798,0.010214972,0.381902246,0.118560106,0.002627345,0.003948718,0.49765625,0.497395833,0.008069657,0.008069677,0.49,0.52,0.035415694,0.035436971,0.019169329,0,0,0.007762885,0.432978723,0.431914894,0.016164899,0.016169633,0.619710145,0.550724638,0.011979948,0.011691845,0.71641791,0.012638021,0.50245098,0.024783782,0.493205838,0.011218642,0.5717012,0.007985652,0.4,0.444444444,0.023450349,0.023119714
Llama-3-8B-WildChat,2024-07-26T16:07:08.000Z,43758,https://github.com/EleutherAI/lm-evaluation-harness/tree/74d23a67caa62051ea73376c8d94c19a213c2cd9,1,NVIDIA A100-SXM4-40GB,[1],8030261248,1234,0.792,0.025721399,0.625668449,0.035484923,0.452,0.031539864,0.672,0.029752392,0.552,0.031514388,0.4,0.031046021,0.648,0.030266288,0.396,0.030993198,0.408,0.03114521,0.54,0.031584654,0.768,0.02675007,0.608,0.030938208,0.46,0.031584654,0.465753425,0.041425227,0.5,0.031686213,0.58,0.031278,0.452,0.031539864,0.584269663,0.037044684,0.78,0.026251793,0.084,0.017578739,0.148,0.022503547,0.152,0.022752024,0.344,0.030104503,0.448,0.031514388,0.303030303,0.032742879,0.282051282,0.019275804,0.319196429,0.022048861,0.326213431,0.004274263,0.544,0.031563285,0.3046875,0.028823535,0.34,0.030020074,0.068403909,0.014430905,0.032520325,0.016058998,0.015151515,0.010672769,0.010714286,0.006163684,0.051948052,0.017941344,0.088082902,0.020453747,0.02962963,0.014648039,0.51558753,N/A,0.474820144,N/A,0.393715342,0.021024834,0.338262477,0.020359772,0.620380435,0.604347826,0.008061862,0.008000893,0.683161954,0.602827763,0.012408545,0.011798188,0.700458392,0.697108604,0.006101883,0.006082609,0.736688312,0.697402597,0.008278841,0.007937288,0.684010152,0.654822335,0.011979613,0.011714603,0.804360465,0.789825581,0.00491239,0.004782897,0.793107769,0.781203008,0.003272652,0.00320653,0.859139785,0.745878136,0.004121377,0.003293165,0.740833333,0.724166667,0.01290723,0.012654362,0.748688811,0.727564103,0.005374163,0.005235999,0.760416667,0.729166667,0.015127218,0.014529435,0.7715756,0.735399713,0.001810491,0.001715175,0.14,0,0,0.013124255,0,0,0,0,0.5,0.532136895,0.01019573,0.010216855,0.547754293,0.214200793,0.0033344,0.004045121,0.497135417,0.496614583,0.008069581,0.008069634,0.48,0.5,0.03544406,0.035415694,0.063897764,0,0,0.013846091,0.439361702,0.431914894,0.016164899,0.016196444,0.448695652,0.649855072,0.011488506,0.011978516,0.697564808,0.012878488,0.512254902,0.024776634,0.475088072,0.011205743,0.556434024,0.008026234,0.444444444,0.444444444,0.023450349,0.023450349
Llama-3-8B-WizardLM-196K,2024-07-31T19:03:44.000Z,38570,https://github.com/EleutherAI/lm-evaluation-harness/tree/74d23a67caa62051ea73376c8d94c19a213c2cd9,1,NVIDIA A100-SXM4-40GB,[1],8030261248,1234,0.812,0.024760378,0.572192513,0.036277621,0.456,0.031563285,0.648,0.030266288,0.588,0.031191596,0.416,0.031235856,0.708,0.02881432,0.344,0.030104503,0.384,0.030821679,0.492,0.031682156,0.72,0.028454148,0.568,0.031391811,0.428,0.031355969,0.493150685,0.041518844,0.496,0.031685199,0.552,0.031514388,0.448,0.031514388,0.58988764,0.036969999,0.748,0.027513852,0.216,0.026078658,0.192,0.024960692,0.132,0.021450981,0.332,0.029844039,0.488,0.031677086,0.297979798,0.032586304,0.302197802,0.019670417,0.323660714,0.022129599,0.304604388,0.004195978,0.528,0.03163649,0.38671875,0.030497017,0.368,0.030562071,0.045602606,0.011926108,0.040650407,0.017878908,0.007575758,0.007575758,0.017857143,0.007928503,0.025974026,0.012859059,0.077720207,0.019321806,0.022222222,0.0127339,0.460431655,N/A,0.423261391,N/A,0.327171904,0.020190319,0.293900185,0.019603612,0.485869565,0.47798913,0.008235385,0.008240083,0.499357326,0.43059126,0.012556814,0.012679568,0.631523272,0.642277856,0.00636509,0.006405749,0.581493506,0.558441558,0.008949074,0.008890347,0.58248731,0.543781726,0.012550423,0.012426184,0.684302326,0.666715116,0.005683493,0.005603986,0.675125313,0.664661654,0.003737138,0.003707211,0.73172043,0.590949821,0.004654263,0.004194245,0.653333333,0.6125,0.014069521,0.013744023,0.651223776,0.637674825,0.005802189,0.00575283,0.615740741,0.576388889,0.01682039,0.016557918,0.654636531,0.616306503,0.001995323,0.001947503,0.127142857,0,0,0.012600245,0.001834189,0,0,0.000819672,0.491235392,0.506677796,0.010215944,0.010215286,0.664068692,0.287846764,0.003679754,0.003838691,0.496614583,0.496354167,0.008069552,0.008069581,0.5,0.51,0.035436971,0.03544406,0.025559105,0,0,0.008934562,0.444680851,0.431914894,0.016164899,0.01621671,0.59826087,0.550144928,0.011981363,0.011807249,0.699921445,0.012849865,0.507352941,0.0247814,0.467539004,0.011196008,0.55261723,0.008016896,0.522222222,0.444444444,0.023450349,0.023573142
Llama-3-8B-MetaMath,2024-07-27T19:12:38.000Z,36493,https://github.com/EleutherAI/lm-evaluation-harness/tree/74d23a67caa62051ea73376c8d94c19a213c2cd9,1,NVIDIA A100-SXM4-40GB,[1],8030261248,1234,0.8,0.02534897,0.550802139,0.03647205,0.532,0.031621253,0.456,0.031563285,0.56,0.031457245,0.336,0.029933259,0.68,0.029561725,0.328,0.029752392,0.324,0.029658295,0.452,0.031539864,0.804,0.025156857,0.52,0.031660853,0.456,0.031563285,0.431506849,0.041131303,0.38,0.030760116,0.528,0.03163649,0.36,0.030418764,0.58988764,0.036969999,0.74,0.027797316,0.088,0.017953085,0.152,0.022752024,0.156,0.022995023,0.36,0.030418764,0.488,0.031677086,0.272727273,0.031730712,0.30952381,0.019802642,0.337053571,0.022358101,0.323304521,0.004264338,0.512,0.031677086,0.328125,0.029403147,0.248,0.027367498,0.039087948,0.011079051,0.016260163,0.011450453,0.03030303,0.01497702,0.003571429,0.003571429,0.025974026,0.012859059,0.113989637,0.022935144,0.014814815,0.010436495,0.211031175,N/A,0.200239808,N/A,0.112754159,0.013611043,0.101663586,0.01300485,0.360597826,0.357065217,0.007899368,0.007916509,0.343187661,0.309768638,0.011726026,0.012039856,0.406734838,0.496121298,0.006639374,0.006523044,0.412012987,0.401948052,0.008835875,0.008870222,0.372461929,0.358502538,0.012083794,0.012182059,0.406831395,0.421511628,0.005953734,0.00592289,0.401754386,0.41716792,0.003903232,0.003880764,0.425537634,0.366666667,0.004561832,0.004680445,0.395,0.391666667,0.014096767,0.014117788,0.410693473,0.408653846,0.00593392,0.005938442,0.37037037,0.37037037,0.016438239,0.016438239,0.40342269,0.404465568,0.002022631,0.002027119,0.011428571,0,0,0.004020327,0.005869406,0,0,0.001463307,0.500834725,0.506677796,0.010215944,0.010216841,0.902443857,0.367701453,0.003918864,0.002411509,0.499479167,0.497135417,0.008069634,0.008069762,0.51,0.5,0.03544406,0.035436971,0.003194888,0,0,0.003194888,0.426595745,0.431914894,0.016164899,0.016140089,0.550144928,0.547826087,0.011986861,0.011981363,0.710919089,0.012710898,0.536764706,0.024716991,0.445395068,0.01115257,0.547709924,0.007969845,0.542222222,0.444444444,0.023450349,0.023512177
Mistral-7B-bagel,2024-09-11T06:40:47.000Z,45519,https://github.com/penfever/lm-evaluation-harness/tree/d1f73313ec7f31f54a70074e78e4330176a70bea,1,NVIDIA A100-SXM4-40GB,[2],7241732096,1234,0.812,0.024760378,0.614973262,0.035679363,0.448,0.031514388,0.664,0.029933259,0.496,0.031685199,0.496,0.031685199,0.648,0.030266288,0.436,0.031425567,0.432,0.031391811,0.616,0.030821679,0.756,0.027217995,0.588,0.031191596,0.356,0.030343681,0.410958904,0.040859025,0.476,0.031649689,0.608,0.030938208,0.444,0.031486849,0.719101124,0.033781844,0.816,0.024555813,0.212,0.025901885,0.128,0.021172081,0.116,0.02029343,0.316,0.029462658,0.48,0.031660853,0.272727273,0.031730712,0.311355311,0.019834785,0.305803571,0.021792583,0.302609707,0.004188211,0.536,0.031603975,0.32421875,0.029312445,0.42,0.031278,0.061889251,0.01377444,0.016260163,0.011450453,0.015151515,0.010672769,0,0,0.006493506,0.006493506,0.067357513,0.018088394,0.022222222,0.0127339,0.490407674,N/A,0.459232614,N/A,0.354898336,0.020590609,0.321626617,0.020100808,0.680978261,0.669565217,0.007754868,0.007684434,0.672236504,0.606683805,0.012387593,0.01190354,0.802362482,0.82122708,0.005088065,0.005287985,0.733766234,0.705519481,0.00821444,0.007965363,0.706218274,0.659263959,0.011942587,0.011477349,0.844331395,0.824563953,0.004585735,0.004371136,0.875501253,0.848496241,0.00283814,0.002613413,0.883960573,0.814247312,0.00368157,0.003031842,0.73,0.695833333,0.01328614,0.012821349,0.832459207,0.817599068,0.004661511,0.004508009,0.74537037,0.733796296,0.015044904,0.014829795,0.826728441,0.797733023,0.001639388,0.00154042,0.267142857,0,0,0.016735661,0.359867938,0,0,0.009194394,0.494156928,0.480383973,0.01020899,0.010216158,0.855019815,0.414332893,0.004003608,0.0028615,0.496354167,0.496354167,0.008069552,0.008069552,0.67,0.5,0.03544406,0.033332496,0.329073482,0,0,0.026601531,0.536170213,0.431914894,0.016164899,0.016274133,0.56,0.56057971,0.011953363,0.011955059,0.682639434,0.013050544,0.504901961,0.024782889,0.420231505,0.011075976,0.520719738,0.00800705,0.695555556,0.444444444,0.023450349,0.021716847
Mistral-7B-Instruct-v0.3,2024-09-10T20:42:25.000Z,46738,https://github.com/penfever/lm-evaluation-harness/tree/d1f73313ec7f31f54a70074e78e4330176a70bea,1,NVIDIA A100-SXM4-40GB,[2],7248023552,1234,0.816,0.024555813,0.593582888,0.036013904,0.448,0.031514388,0.636,0.030491555,0.52,0.031660853,0.42,0.031278,0.66,0.030020074,0.388,0.030881039,0.344,0.030104503,0.536,0.031603975,0.696,0.029150213,0.5,0.031686213,0.392,0.030938208,0.438356164,0.041205962,0.456,0.031563285,0.428,0.031355969,0.428,0.031355969,0.54494382,0.037430165,0.76,0.027065294,0.104,0.019345101,0.164,0.023465261,0.148,0.022503547,0.328,0.029752392,0.496,0.031685199,0.282828283,0.032087796,0.318681319,0.019959755,0.296875,0.021609729,0.30418883,0.004194367,0.536,0.031603975,0.40234375,0.030708194,0.48,0.031660853,0.06514658,0.014107721,0,0,0,0,0.003571429,0.003571429,0.032467532,0.014328862,0.077720207,0.019321806,0.007407407,0.007407407,0.594724221,N/A,0.561151079,N/A,0.47689464,0.021493588,0.445471349,0.021388238,0.694565217,0.691576087,0.007614285,0.007593655,0.772493573,0.766066838,0.010735296,0.010631121,0.782616361,0.783850494,0.005465928,0.005477193,0.827597403,0.822402597,0.006887406,0.006807327,0.723350254,0.727791878,0.011215377,0.011271953,0.848982558,0.845494186,0.004357778,0.004317181,0.892230576,0.889411028,0.002482586,0.002454616,0.877598566,0.876164875,0.003118187,0.00310262,0.776666667,0.7725,0.012106827,0.012027753,0.870920746,0.868006993,0.004085828,0.004047255,0.753472222,0.755787037,0.014624421,0.014671049,0.843226424,0.840986802,0.001492827,0.001483661,0.088571429,0,0,0.010746562,0.000366838,0,0,0.000366838,0.483722871,0.482888147,0.01021087,0.01021144,0.337186262,0.166908851,0.003030661,0.003842219,0.495052083,0.4953125,0.008069411,0.008069371,0.62,0.5,0.03544406,0.034408133,0.108626198,0,0,0.017616512,0.49787234,0.440425532,0.016200648,0.016316736,0.727536232,0.596521739,0.011815567,0.01072292,0.670070699,0.013183393,0.50245098,0.024783782,0.419224962,0.011072302,0.515539804,0.008031769,0.675555556,0.444444444,0.023450349,0.022094162
Mistral-7B-Lima,2024-08-09T11:09:10.000Z,27042,https://github.com/EleutherAI/lm-evaluation-harness/tree/74d23a67caa62051ea73376c8d94c19a213c2cd9,1,NVIDIA A100-SXM4-40GB,[2],7241732096,1234,0.744,0.027657109,0.556149733,0.036429871,0.516,0.031669985,0.432,0.031391811,0.484,0.031669985,0.356,0.030343681,0.508,0.031682156,0.324,0.029658295,0.224,0.026421362,0.452,0.031539864,0.5,0.031686213,0.42,0.031278,0.352,0.030266288,0.328767123,0.039011873,0.264,0.027934519,0.568,0.031391811,0.276,0.028328537,0.56741573,0.03723912,0.704,0.028928939,0.26,0.027797316,0.2,0.02534897,0.104,0.019345101,0.348,0.030186568,0.504,0.031685199,0.282828283,0.032087796,0.272893773,0.01908084,0.238839286,0.020166814,0.241771941,0.00390348,0.568,0.031391811,0.265625,0.027658163,0.332,0.029844039,0.009771987,0.005623392,0,0,0,0,0.003571429,0.003571429,0,0,0.010362694,0.007308424,0,0,0.085131894,N/A,0.074340528,N/A,0.035120148,0.007921691,0.025878004,0.00683243,0.362228261,0.3625,0.007925546,0.007924263,0.333547558,0.332904884,0.011950574,0.01195634,0.349435825,0.379055007,0.006442403,0.006331388,0.403571429,0.401298701,0.008833527,0.008841676,0.373096447,0.364213198,0.012125323,0.012186266,0.382267442,0.382994186,0.005861086,0.00585897,0.361591479,0.369548872,0.00382084,0.003803256,0.368369176,0.343996416,0.004496943,0.00456626,0.395833333,0.391666667,0.014096767,0.014122935,0.389568765,0.395250583,0.005901562,0.00588645,0.351851852,0.350694444,0.016243649,0.016255924,0.36979416,0.370478014,0.001995553,0.001995214,0.671428571,0,0,0.01776545,0.355465884,0,0,0.009169352,0.499165275,0.491235392,0.010215286,0.010216841,0.578005284,0.099075297,0.002428166,0.004013939,0.496354167,0.495052083,0.008069371,0.008069552,0.55,0.5,0.03544406,0.035266395,0.785942492,0,0,0.023221128,0.509574468,0.431914894,0.016164899,0.016313892,0.43942029,0.51826087,0.012034043,0.011953363,0.633150039,0.013513069,0.450980392,0.024664684,0.37845999,0.010883157,0.474918212,0.008017335,0.457777778,0.444444444,0.023450349,0.023512177
Mistral-7B-magpie-v1.0,2024-09-12T07:20:23.000Z,55244,https://github.com/penfever/lm-evaluation-harness/tree/d1f73313ec7f31f54a70074e78e4330176a70bea,1,NVIDIA A100-SXM4-40GB,[2],7248064512,1234,0.824,0.024133498,0.620320856,0.035584436,0.492,0.031682156,0.628,0.030630326,0.5,0.031686213,0.392,0.030938208,0.54,0.031584654,0.412,0.031191596,0.336,0.029933259,0.54,0.031584654,0.752,0.027367498,0.468,0.031621253,0.376,0.030696336,0.376712329,0.040240668,0.408,0.03114521,0.44,0.031457245,0.424,0.031318034,0.533707865,0.037496801,0.76,0.027065294,0.112,0.019985537,0.156,0.022995023,0.076,0.016793573,0.344,0.030104503,0.488,0.031677086,0.308080808,0.032894773,0.307692308,0.019770136,0.305803571,0.021792583,0.289228723,0.00413366,0.524,0.031649689,0.34765625,0.029822441,0.372,0.030630326,0.058631922,0.013430311,0.024390244,0.013965813,0.015151515,0.010672769,0.025,0.009346956,0.038961039,0.01564372,0.113989637,0.022935144,0.022222222,0.0127339,0.402877698,N/A,0.394484412,N/A,0.256931608,0.018802963,0.25323475,0.018713578,0.472282609,0.466304348,0.008224636,0.0082307,0.496143959,0.447300771,0.012608954,0.012679201,0.507933709,0.566995769,0.006579701,0.006638738,0.557467532,0.544480519,0.008975111,0.008951123,0.547588832,0.50571066,0.012597994,0.012541621,0.600436047,0.593459302,0.005922224,0.005905598,0.570488722,0.569298246,0.003919723,0.003918393,0.59327957,0.523835125,0.004727846,0.00465013,0.538333333,0.531666667,0.014410786,0.014397275,0.589452214,0.59775641,0.005919018,0.005938123,0.577546296,0.561342593,0.016891621,0.016814252,0.564504548,0.552947412,0.002049601,0.002044502,0.06,0,0,0.008982577,0.001467351,0,0,0.000733272,0.498330551,0.489565943,0.010214631,0.010216798,0.902575958,0.392668428,0.003968966,0.002410052,0.496354167,0.49609375,0.00806952,0.008069552,0.505,0.5,0.03544406,0.035442288,0.047923323,0,0,0.012092946,0.44787234,0.431914894,0.016164899,0.016227966,0.565797101,0.547826087,0.011986861,0.011937354,0.675569521,0.013126601,0.460784314,0.024707733,0.425767489,0.011095337,0.516357688,0.008027001,0.553333333,0.444444444,0.023450349,0.023461837
Mistral-7B-MetaMath,2024-08-11T04:33:47.000Z,29667,https://github.com/EleutherAI/lm-evaluation-harness/tree/74d23a67caa62051ea73376c8d94c19a213c2cd9,1,NVIDIA A100-SXM4-40GB,[2],7241740288,1234,0.824,0.024133498,0.593582888,0.036013904,0.528,0.03163649,0.6,0.031046021,0.516,0.031669985,0.292,0.02881432,0.74,0.027797316,0.36,0.030418764,0.3,0.029040893,0.512,0.031677086,0.656,0.030104503,0.448,0.031514388,0.336,0.029933259,0.369863014,0.040091651,0.332,0.029844039,0.564,0.031425567,0.372,0.030630326,0.561797753,0.037294146,0.78,0.026251793,0.108,0.019669559,0.128,0.021172081,0.116,0.02029343,0.312,0.029361068,0.484,0.031669985,0.257575758,0.03115627,0.282051282,0.019275804,0.265625,0.020890058,0.278839761,0.004088296,0.54,0.031584654,0.31640625,0.029124031,0.312,0.029361068,0.09771987,0.016974673,0.016260163,0.011450453,0.007575758,0.007575758,0.014285714,0.007104351,0.045454545,0.016839968,0.155440415,0.026148483,0.022222222,0.0127339,0.310551559,N/A,0.279376499,N/A,0.181146026,0.016573749,0.153419593,0.01550878,0.372282609,0.366576087,0.00794446,0.007969913,0.342544987,0.298843188,0.011608178,0.012034461,0.367947814,0.478138223,0.006633224,0.006403829,0.457467532,0.421428571,0.008898886,0.008978177,0.392766497,0.343908629,0.011969153,0.012305657,0.444767442,0.43255814,0.005973382,0.005991579,0.464849624,0.445989975,0.003934762,0.003948129,0.463172043,0.353315412,0.004524962,0.004720371,0.419166667,0.42,0.014253747,0.014249825,0.443181818,0.444784382,0.005998582,0.005996401,0.418981481,0.363425926,0.016372954,0.016795271,0.437205088,0.414996923,0.002028233,0.002045354,0.07,0,0,0.009650546,0.08730741,0,0,0.0054076,0.48706177,0.453255426,0.010172109,0.010213434,0.902377807,0.453038309,0.004045734,0.002412237,0.4984375,0.496354167,0.008069552,0.008069727,0.505,0.5,0.03544406,0.035442288,0.095846645,0,0,0.016666032,0.470212766,0.431914894,0.016164899,0.016287902,0.556521739,0.547246377,0.011988195,0.011964887,0.655145326,0.013327335,0.482843137,0.024769485,0.440362355,0.011139583,0.519629226,0.008086958,0.635555556,0.444444444,0.023450349,0.022712726
Mistral-7B-OpenHermes-2.5,2024-08-09T03:04:30.000Z,34619,https://github.com/EleutherAI/lm-evaluation-harness/tree/74d23a67caa62051ea73376c8d94c19a213c2cd9,1,NVIDIA A100-SXM4-40GB,[2],7241748480,1234,0.8,0.02534897,0.593582888,0.036013904,0.476,0.031649689,0.656,0.030104503,0.536,0.031603975,0.372,0.030630326,0.724,0.028328537,0.44,0.031457245,0.416,0.031235856,0.668,0.029844039,0.764,0.026909338,0.448,0.031514388,0.38,0.030760116,0.431506849,0.041131303,0.464,0.031603975,0.492,0.031682156,0.424,0.031318034,0.752808989,0.032424411,0.848,0.022752024,0.188,0.024760378,0.164,0.023465261,0.124,0.020886382,0.316,0.029462658,0.488,0.031677086,0.328282828,0.033456784,0.296703297,0.01956736,0.299107143,0.021656359,0.304604388,0.004195978,0.528,0.03163649,0.3515625,0.029899591,0.392,0.030938208,0.042345277,0.01151188,0.008130081,0.008130081,0,0,0.003571429,0.003571429,0.032467532,0.014328862,0.062176166,0.017426974,0,0,0.461630695,N/A,0.430455635,N/A,0.330868762,0.020248211,0.303142329,0.019778732,0.731521739,0.724184783,0.007368327,0.007306397,0.800771208,0.768637532,0.010694046,0.010128965,0.845028209,0.847849083,0.004769433,0.004805428,0.860714286,0.831493506,0.006745791,0.006239905,0.791878173,0.775380711,0.010515762,0.010229343,0.88372093,0.873401163,0.004009213,0.003864966,0.918421053,0.907080201,0.002298128,0.002166742,0.899283154,0.870609319,0.003177244,0.002848962,0.776666667,0.768333333,0.0121842,0.012027753,0.876019814,0.868881119,0.004074326,0.003978104,0.851851852,0.83912037,0.012507118,0.012092741,0.873367298,0.859365383,0.001422814,0.001359151,0.361428571,0,0,0.01817094,0.825018342,0,0,0.007278549,0.501252087,0.510851419,0.010214449,0.010216823,0.735799207,0.302708058,0.003733969,0.003583423,0.496354167,0.495833333,0.008069486,0.008069552,0.565,0.5,0.03544406,0.035143282,0.405750799,0,0,0.027799482,0.610638298,0.45212766,0.016241922,0.015912406,0.571014493,0.547826087,0.011986861,0.01192,0.680282797,0.013076279,0.468137255,0.024733705,0.441368898,0.011142273,0.527262814,0.008037173,0.591111111,0.444444444,0.023450349,0.023201392
Mistral-7B-sharegpt-vicuna-v1.0,2024-09-11T17:49:14.000Z,54094,https://github.com/penfever/lm-evaluation-harness/tree/d1f73313ec7f31f54a70074e78e4330176a70bea,1,NVIDIA A100-SXM4-40GB,[2],7248064512,1234,0.828,0.023915514,0.588235294,0.036086406,0.444,0.031486849,0.616,0.030821679,0.472,0.03163649,0.324,0.029658295,0.556,0.031486849,0.412,0.031191596,0.368,0.030562071,0.536,0.031603975,0.74,0.027797316,0.508,0.031682156,0.36,0.030418764,0.424657534,0.041048627,0.308,0.029256929,0.532,0.031621253,0.392,0.030938208,0.612359551,0.036621081,0.672,0.029752392,0.064,0.015510587,0.176,0.024133498,0.108,0.019669559,0.336,0.029933259,0.488,0.031677086,0.257575758,0.03115627,0.294871795,0.019532256,0.294642857,0.021562481,0.296875,0.004165357,0.52,0.031660853,0.2890625,0.028388438,0.468,0.031621253,0.048859935,0.012323611,0.024390244,0.013965813,0.007575758,0.007575758,0.017857143,0.007928503,0.032467532,0.014328862,0.07253886,0.018718999,0.02962963,0.014648039,0.382494005,N/A,0.371702638,N/A,0.227356747,0.018036263,0.216266174,0.017716654,0.548641304,0.539402174,0.00821774,0.008204276,0.626606684,0.541773779,0.012635248,0.012266357,0.598201693,0.631346968,0.006406386,0.006510256,0.630844156,0.610714286,0.008787158,0.008696832,0.574873096,0.530456853,0.01257542,0.012456757,0.669186047,0.64622093,0.005764928,0.005672868,0.573558897,0.56735589,0.003921844,0.003914855,0.585215054,0.516218638,0.004730737,0.004663979,0.650833333,0.634166667,0.013910212,0.013767075,0.657634033,0.658653846,0.005723598,0.005727702,0.621527778,0.596064815,0.016703104,0.016509803,0.604475826,0.584438898,0.002026863,0.002015685,0.054285714,0,0,0.008570066,0.092809978,0,0,0.005558572,0.491235392,0.502086811,0.010216766,0.010215286,0.882694848,0.478071334,0.004059788,0.002615262,0.496875,0.49609375,0.00806952,0.008069609,0.545,0.5,0.03544406,0.03530022,0.10543131,0,0,0.017386588,0.426595745,0.431914894,0.016164899,0.016140089,0.578550725,0.548405797,0.011985511,0.011892543,0.660644148,0.01327602,0.468137255,0.024733705,0.404630096,0.011013692,0.500545256,0.008024581,0.566666667,0.444444444,0.023450349,0.023385772
Mistral-7B-tulu-v2-sft-2.0,2024-09-13T09:24:45.000Z,51903,https://github.com/penfever/lm-evaluation-harness/tree/d1f73313ec7f31f54a70074e78e4330176a70bea,1,NVIDIA A100-SXM4-40GB,[2],7248064512,1234,0.824,0.024133498,0.572192513,0.036277621,0.408,0.03114521,0.636,0.030491555,0.524,0.031649689,0.308,0.029256929,0.664,0.029933259,0.412,0.031191596,0.424,0.031318034,0.452,0.031539864,0.808,0.024960692,0.42,0.031278,0.364,0.030491555,0.465753425,0.041425227,0.428,0.031355969,0.416,0.031235856,0.4,0.031046021,0.696629213,0.034554219,0.776,0.026421362,0.196,0.025156857,0.168,0.023692813,0.112,0.019985537,0.348,0.030186568,0.496,0.031685199,0.247474747,0.030746301,0.302197802,0.019670417,0.294642857,0.021562481,0.283909574,0.004110769,0.536,0.031603975,0.38671875,0.030497017,0.452,0.031539864,0.035830619,0.010625347,0.016260163,0.011450453,0.015151515,0.010672769,0.010714286,0.006163684,0.025974026,0.012859059,0.088082902,0.020453747,0.02962963,0.014648039,0.408872902,N/A,0.39088729,N/A,0.279112754,0.019303081,0.256931608,0.018802963,0.736684783,0.722826087,0.007379521,0.007261293,0.774421594,0.724935733,0.011324047,0.010599181,0.842207334,0.818582511,0.005117301,0.004840866,0.852922078,0.819480519,0.006931489,0.006382981,0.760786802,0.733502538,0.011140561,0.010749389,0.901162791,0.888081395,0.003801149,0.003598315,0.908082707,0.892606516,0.002450847,0.00228696,0.886200717,0.852060932,0.003360966,0.003006237,0.773333333,0.77,0.012153453,0.01209115,0.896124709,0.879807692,0.003925321,0.003682844,0.854166667,0.813657407,0.013254748,0.012014185,0.870529303,0.848697258,0.001465191,0.001372101,0.16,0,0,0.013866315,0.021643434,0,0,0.002787587,0.486644407,0.511268781,0.01021426,0.01021321,0.713540291,0.204491413,0.003278018,0.003674451,0.495052083,0.4953125,0.008069411,0.008069371,0.5,0.5,0.03544406,0.03544406,0.108626198,0,0,0.017616512,0.430851064,0.431914894,0.016164899,0.016160089,0.554202899,0.552463768,0.011975602,0.011971109,0.674783975,0.01313484,0.463235294,0.024716991,0.425264217,0.011093636,0.51608506,0.008028286,0.588888889,0.444444444,0.023450349,0.023220583
mistral-7b-ultrachat,2024-08-10T08:42:19.000Z,36977,https://github.com/EleutherAI/lm-evaluation-harness/tree/74d23a67caa62051ea73376c8d94c19a213c2cd9,1,NVIDIA A100-SXM4-40GB,[2],7241732096,1234,0.852,0.022503547,0.556149733,0.036429871,0.516,0.031669985,0.532,0.031621253,0.484,0.031669985,0.268,0.028068762,0.544,0.031563285,0.3,0.029040893,0.316,0.029462658,0.444,0.031486849,0.636,0.030491555,0.5,0.031686213,0.324,0.029658295,0.376712329,0.040240668,0.284,0.028576959,0.34,0.030020074,0.352,0.030266288,0.43258427,0.03723912,0.76,0.027065294,0.072,0.016381006,0.176,0.024133498,0.092,0.018316275,0.352,0.030266288,0.488,0.031677086,0.247474747,0.030746301,0.276556777,0.019160027,0.310267857,0.02188038,0.284491356,0.004113307,0.5,0.031686213,0.33984375,0.029661487,0.388,0.030881039,0.035830619,0.010625347,0.016260163,0.011450453,0.022727273,0.013021047,0.003571429,0.003571429,0,0,0.067357513,0.018088394,0.007407407,0.007407407,0.04676259,N/A,0.045563549,N/A,0.01663586,0.005504057,0.014787431,0.00519415,0.549728261,0.52798913,0.00823045,0.008202505,0.586118252,0.45437018,0.012626668,0.01249009,0.571050776,0.573519041,0.006567407,0.006572196,0.612012987,0.576298701,0.008905307,0.008781811,0.596446701,0.529822335,0.012576386,0.012362206,0.633139535,0.591860465,0.005925859,0.005810821,0.611904762,0.575125313,0.003912991,0.00385752,0.70672043,0.529301075,0.004725093,0.00430975,0.599166667,0.595833333,0.014172062,0.014152923,0.627331002,0.603001166,0.005906044,0.005836507,0.590277778,0.539351852,0.016967402,0.016740467,0.624752103,0.56402585,0.002046334,0.00199333,0.115714286,0,0,0.012099048,0.001100514,0,0,0.000635149,0.497078464,0.506677796,0.010215944,0.010216681,0.907001321,0.790224571,0.003309055,0.002360444,0.495833333,0.4953125,0.008069411,0.008069486,0.515,0.5,0.03544406,0.035428107,0.17571885,0,0,0.021546144,0.420212766,0.431914894,0.016164899,0.016107797,0.55884058,0.548985507,0.011984145,0.011958401,0.641791045,0.013443783,0.468137255,0.024733705,0.413688978,0.011051249,0.498909487,0.008073234,0.635555556,0.444444444,0.023450349,0.022712726
Mistral-7B-v0.3,2024-08-09T17:04:25.000Z,61691,https://github.com/EleutherAI/lm-evaluation-harness/tree/74d23a67caa62051ea73376c8d94c19a213c2cd9,1,NVIDIA A100-SXM4-40GB,[2],7248023552,1234,0.808,0.024960692,0.534759358,0.036573081,0.528,0.03163649,0.496,0.031685199,0.492,0.031682156,0.396,0.030993198,0.724,0.028328537,0.356,0.030343681,0.336,0.029933259,0.472,0.03163649,0.812,0.024760378,0.428,0.031355969,0.368,0.030562071,0.349315068,0.039592236,0.292,0.02881432,0.564,0.031425567,0.36,0.030418764,0.556179775,0.037344316,0.776,0.026421362,0.096,0.018668961,0.156,0.022995023,0.096,0.018668961,0.348,0.030186568,0.488,0.031677086,0.257575758,0.03115627,0.294871795,0.019532256,0.294642857,0.021562481,0.295794548,0.004160964,0.508,0.031682156,0.26953125,0.027786593,0.452,0.031539864,0.035830619,0.010625347,0,0,0.03030303,0.01497702,0.007142857,0.005041703,0.032467532,0.014328862,0.051813472,0.015996229,0.014814815,0.010436495,0.303357314,N/A,0.291366906,N/A,0.170055453,0.016166758,0.160813309,0.0158086,0.370108696,0.377717391,0.007993048,0.007960357,0.413239075,0.323907455,0.011867202,0.012487229,0.377997179,0.484661495,0.006636449,0.006438884,0.446428571,0.434415584,0.008932984,0.008958968,0.364847716,0.342005076,0.011953285,0.012129823,0.430232558,0.42005814,0.005950922,0.005969498,0.432769424,0.430325815,0.003919306,0.003921979,0.410752688,0.338709677,0.004480198,0.004657216,0.388333333,0.415,0.01422959,0.014075057,0.43254662,0.449155012,0.006004209,0.005980322,0.438657407,0.396990741,0.016655082,0.016891621,0.416535595,0.410004787,0.002024391,0.002036251,0.004285714,0,0,0.002470816,0.001100514,0,0,0.000635149,0.492487479,0.486227045,0.010212978,0.010215702,0.906274769,0.575627477,0.004016944,0.002368698,0.4984375,0.497395833,0.008069657,0.008069727,0.5,0.5,0.03544406,0.03544406,0.041533546,0,0,0.011295635,0.424468085,0.431914894,0.016164899,0.016129631,0.582028986,0.547826087,0.011986861,0.011878915,0.663786332,0.013245803,0.473039216,0.024748023,0.418721691,0.011070447,0.509814613,0.008042018,0.555555556,0.444444444,0.023450349,0.023450349
Mistral-7B-wildchat-v1.0,2024-09-12T21:08:34.000Z,49582,https://github.com/penfever/lm-evaluation-harness/tree/d1f73313ec7f31f54a70074e78e4330176a70bea,1,NVIDIA A100-SXM4-40GB,[2],7248064512,1234,0.816,0.024555813,0.593582888,0.036013904,0.452,0.031539864,0.628,0.030630326,0.488,0.031677086,0.424,0.031318034,0.764,0.026909338,0.344,0.030104503,0.352,0.030266288,0.46,0.031584654,0.748,0.027513852,0.54,0.031584654,0.352,0.030266288,0.376712329,0.040240668,0.388,0.030881039,0.536,0.031603975,0.396,0.030993198,0.516853933,0.037560944,0.784,0.026078658,0.064,0.015510587,0.168,0.023692813,0.132,0.021450981,0.364,0.030491555,0.496,0.031685199,0.292929293,0.03242498,0.265567766,0.018917568,0.290178571,0.021466115,0.295212766,0.004158586,0.52,0.031660853,0.32421875,0.029312445,0.488,0.031677086,0.048859935,0.012323611,0.032520325,0.016058998,0.022727273,0.013021047,0.007142857,0.005041703,0.019480519,0.011173331,0.082901554,0.019899341,0.02962963,0.014648039,0.448441247,N/A,0.402877698,N/A,0.323475046,0.020131003,0.26987061,0.019102088,0.587228261,0.569836957,0.008162571,0.008116963,0.602827763,0.505141388,0.012678908,0.012408545,0.600669958,0.631523272,0.006405749,0.006503605,0.673376623,0.633766234,0.008682382,0.008451773,0.685279188,0.600888325,0.012339678,0.011701896,0.699709302,0.667005814,0.005682252,0.005526715,0.653070175,0.627882206,0.003826278,0.003767887,0.744086022,0.596326165,0.00464456,0.004130912,0.664166667,0.650833333,0.013767075,0.013639261,0.72027972,0.711538462,0.005468726,0.005418207,0.644675926,0.590277778,0.016740467,0.016292122,0.675288928,0.629214252,0.001989383,0.001925146,0.294285714,0,0,0.017236951,0.00513573,0,0,0.001369304,0.478297162,0.485392321,0.010212494,0.010207226,0.899141347,0.379392338,0.003943703,0.002447496,0.495833333,0.4953125,0.008069411,0.008069486,0.5,0.5,0.03544406,0.03544406,0.345047923,0,0,0.026913314,0.467021277,0.431914894,0.016164899,0.016281352,0.603478261,0.548985507,0.011984145,0.011781367,0.655145326,0.013327335,0.468137255,0.024733705,0.402113739,0.01100257,0.497273719,0.008030346,0.548888889,0.444444444,0.023450349,0.023483391
Mistral-7B-wizardlm-v1.0,2024-09-13T22:18:34.000Z,55210,https://github.com/penfever/lm-evaluation-harness/tree/d1f73313ec7f31f54a70074e78e4330176a70bea,1,NVIDIA A100-SXM4-40GB,[2],7248064512,1234,0.848,0.022752024,0.582887701,0.036154509,0.488,0.031677086,0.552,0.031514388,0.48,0.031660853,0.348,0.030186568,0.712,0.028697005,0.428,0.031355969,0.38,0.030760116,0.54,0.031584654,0.712,0.028697005,0.468,0.031621253,0.328,0.029752392,0.445205479,0.041272648,0.344,0.030104503,0.48,0.031660853,0.404,0.031096688,0.58988764,0.036969999,0.776,0.026421362,0.08,0.017192508,0.18,0.024346891,0.084,0.017578739,0.352,0.030266288,0.488,0.031677086,0.328282828,0.033456784,0.324175824,0.020049748,0.296875,0.021609729,0.29346742,0.004151406,0.52,0.031660853,0.328125,0.029403147,0.444,0.031486849,0.045602606,0.011926108,0.008130081,0.008130081,0.037878788,0.016679279,0.021428571,0.008669435,0.032467532,0.014328862,0.046632124,0.015216762,0.022222222,0.0127339,0.378896882,N/A,0.366906475,N/A,0.256931608,0.018802963,0.242144177,0.018434588,0.592934783,0.575815217,0.00814806,0.00809973,0.653598972,0.553984576,0.012605457,0.012066465,0.572284908,0.600493653,0.006504085,0.006569822,0.698701299,0.652597403,0.00858093,0.008268744,0.625634518,0.580583756,0.012434112,0.012194612,0.713081395,0.679796512,0.005625224,0.005453637,0.697744361,0.66697995,0.003730686,0.003635235,0.700716846,0.590053763,0.004655825,0.004335107,0.684166667,0.655,0.013728422,0.013424569,0.748543124,0.720571096,0.005416479,0.005237007,0.68287037,0.631944444,0.016416884,0.015840984,0.683751624,0.641062026,0.001973489,0.001911512,0.032857143,0,0,0.00674251,0.001834189,0,0,0.000819672,0.489983306,0.50375626,0.010216567,0.010214805,0.844715984,0.262483487,0.003575924,0.002943541,0.495833333,0.495572917,0.00806945,0.008069486,0.5,0.5,0.03544406,0.03544406,0.063897764,0,0,0.013846091,0.443617021,0.431914894,0.016164899,0.016212807,0.569855072,0.547826087,0.011986861,0.011923973,0.669285153,0.013191339,0.487745098,0.024776634,0.422747861,0.011084953,0.515539804,0.008038188,0.555555556,0.444444444,0.023450349,0.023450349